clave,cuenca,h,particion,n,var_objetivo
ACSGJ,Lerma–Santiago,1,train,2363,0.8594520833866874
ACSGJ,Lerma–Santiago,1,val,690,0.7800298013022474
ACSGJ,Lerma–Santiago,1,test,947,0.8759525305834353
ACSGJ,Lerma–Santiago,7,train,2357,0.861569654225968
ACSGJ,Lerma–Santiago,7,val,684,0.7867220879928866
ACSGJ,Lerma–Santiago,7,test,941,0.8813923982558636
ACSGJ,Lerma–Santiago,14,train,2350,0.8640533653417838
ACSGJ,Lerma–Santiago,14,val,677,0.7946762845030533
ACSGJ,Lerma–Santiago,14,test,934,0.8878248669121322
AMCGJ,Lerma–Santiago,1,train,3510,34.37242372335452
AMCGJ,Lerma–Santiago,1,val,628,46.681894071514066
AMCGJ,Lerma–Santiago,1,test,914,56.66185357171928
AMCGJ,Lerma–Santiago,7,train,3492,33.628371605684535
AMCGJ,Lerma–Santiago,7,val,622,47.07429846801625
AMCGJ,Lerma–Santiago,7,test,908,53.33854851491393
AMCGJ,Lerma–Santiago,14,train,3471,33.3607157102422
AMCGJ,Lerma–Santiago,14,val,616,47.47173562152133
AMCGJ,Lerma–Santiago,14,test,901,54.531005443698646
ANSGJ,Lerma–Santiago,1,train,3249,21.663114336783405
ANSGJ,Lerma–Santiago,1,val,554,11.619544304304759
ANSGJ,Lerma–Santiago,1,test,899,6.254692184246246
ANSGJ,Lerma–Santiago,7,train,3231,21.692148254936292
ANSGJ,Lerma–Santiago,7,val,548,11.729277778184773
ANSGJ,Lerma–Santiago,7,test,895,6.2805631504634665
ANSGJ,Lerma–Santiago,14,train,3210,21.344558269853746
ANSGJ,Lerma–Santiago,14,val,545,11.784905381701876
ANSGJ,Lerma–Santiago,14,test,890,6.313202401338215
BEGGJ,Lerma–Santiago,1,train,2946,24.75500904948268
BEGGJ,Lerma–Santiago,1,val,695,11.300691029656848
BEGGJ,Lerma–Santiago,1,test,944,14.482894681395438
BEGGJ,Lerma–Santiago,7,train,2928,24.867875626126768
BEGGJ,Lerma–Santiago,7,val,689,11.37077091470569
BEGGJ,Lerma–Santiago,7,test,938,14.570088851205439
BEGGJ,Lerma–Santiago,14,train,2907,25.000700060172896
BEGGJ,Lerma–Santiago,14,val,682,11.453452778183882
BEGGJ,Lerma–Santiago,14,test,931,14.673146437137808
BRAGJ,Lerma–Santiago,1,train,2896,985.0591588661059
BRAGJ,Lerma–Santiago,1,val,689,1269.0435102344322
BRAGJ,Lerma–Santiago,1,test,947,1138.6228363417404
BRAGJ,Lerma–Santiago,7,train,2878,986.6460864443833
BRAGJ,Lerma–Santiago,7,val,683,1273.5591137643116
BRAGJ,Lerma–Santiago,7,test,941,1141.993738827146
BRAGJ,Lerma–Santiago,14,train,2856,981.8369596921001
BRAGJ,Lerma–Santiago,14,val,676,1278.7962696690856
BRAGJ,Lerma–Santiago,14,test,934,1145.9251448647115
CEYGJ,Lerma–Santiago,1,train,2949,197.74757177699655
CEYGJ,Lerma–Santiago,1,val,697,243.24093669075705
CEYGJ,Lerma–Santiago,1,test,945,75.52421869712494
CEYGJ,Lerma–Santiago,7,train,2932,198.7314549153598
CEYGJ,Lerma–Santiago,7,val,691,245.0047604222995
CEYGJ,Lerma–Santiago,7,test,939,75.96076016381599
CEYGJ,Lerma–Santiago,14,train,2911,199.95723806745428
CEYGJ,Lerma–Santiago,14,val,684,247.09386387264462
CEYGJ,Lerma–Santiago,14,test,932,76.47640761848623
CSTGJ,Lerma–Santiago,1,train,3497,2.132957391526983
CSTGJ,Lerma–Santiago,1,val,692,2.785364582010758
CSTGJ,Lerma–Santiago,1,test,945,1.9734253614400499
CSTGJ,Lerma–Santiago,7,train,3479,2.141495282176366
CSTGJ,Lerma–Santiago,7,val,686,2.80923864971228
CSTGJ,Lerma–Santiago,7,test,939,1.9856543779721705
CSTGJ,Lerma–Santiago,14,train,3458,2.153738402907099
CSTGJ,Lerma–Santiago,14,val,679,2.837613991814177
CSTGJ,Lerma–Santiago,14,test,932,2.0001143274880735
CYUGJ,Lerma–Santiago,1,train,2947,266.35241278066104
CYUGJ,Lerma–Santiago,1,val,648,126.9452888803155
CYUGJ,Lerma–Santiago,1,test,945,164.2634959778282
CYUGJ,Lerma–Santiago,7,train,2929,267.7276282705724
CYUGJ,Lerma–Santiago,7,val,645,156.9095612523286
CYUGJ,Lerma–Santiago,7,test,939,165.2048973382737
CYUGJ,Lerma–Santiago,14,train,2908,269.3494403636792
CYUGJ,Lerma–Santiago,14,val,643,167.08948327895337
CYUGJ,Lerma–Santiago,14,test,932,166.31674450026705
ECBGJ,Lerma–Santiago,1,train,2936,4.130156219141875
ECBGJ,Lerma–Santiago,1,val,633,2.8656355936898694
ECBGJ,Lerma–Santiago,1,test,947,0.46708136091408536
ECBGJ,Lerma–Santiago,7,train,2912,4.161523454658537
ECBGJ,Lerma–Santiago,7,val,627,2.895867015152787
ECBGJ,Lerma–Santiago,7,test,941,0.4698221371209547
ECBGJ,Lerma–Santiago,14,train,2888,4.210593801351567
ECBGJ,Lerma–Santiago,14,val,620,2.926026003121748
ECBGJ,Lerma–Santiago,14,test,934,0.47306033087409277
ECHGJ,Lerma–Santiago,1,train,3459,26.014912278380013
ECHGJ,Lerma–Santiago,1,val,689,35.61838247054586
ECHGJ,Lerma–Santiago,1,test,946,9.71541380341842
ECHGJ,Lerma–Santiago,7,train,3441,24.175048910850833
ECHGJ,Lerma–Santiago,7,val,683,35.906254794861184
ECHGJ,Lerma–Santiago,7,test,940,9.772491794816657
ECHGJ,Lerma–Santiago,14,train,3420,24.302350077938513
ECHGJ,Lerma–Santiago,14,val,676,36.2479971943822
ECHGJ,Lerma–Santiago,14,test,933,9.839929804512176
LADGJ,Lerma–Santiago,1,train,3430,37.85023414207516
LADGJ,Lerma–Santiago,1,val,694,38.84215428248719
LADGJ,Lerma–Santiago,1,test,946,24.10006623325541
LADGJ,Lerma–Santiago,7,train,3414,36.90805810249604
LADGJ,Lerma–Santiago,7,val,688,39.07748181364927
LADGJ,Lerma–Santiago,7,test,940,24.21948945178814
LADGJ,Lerma–Santiago,14,train,3395,36.5761861639724
LADGJ,Lerma–Santiago,14,val,681,39.35494483537856
LADGJ,Lerma–Santiago,14,test,933,24.36019435099122
PERGJ,Lerma–Santiago,1,train,3508,257.1839477009384
PERGJ,Lerma–Santiago,1,val,634,120.52584910786256
PERGJ,Lerma–Santiago,1,test,945,94.68070320270989
PERGJ,Lerma–Santiago,7,train,3491,256.7654655957567
PERGJ,Lerma–Santiago,7,val,628,121.58634134853344
PERGJ,Lerma–Santiago,7,test,939,95.22786443965835
PERGJ,Lerma–Santiago,14,train,3470,255.5362752329227
PERGJ,Lerma–Santiago,14,val,622,122.67313343120937
PERGJ,Lerma–Santiago,14,test,932,95.87417520077732
SL2GJ,Lerma–Santiago,1,train,2464,811.6206087767752
SL2GJ,Lerma–Santiago,1,val,687,856.7031271426724
SL2GJ,Lerma–Santiago,1,test,915,991.7370387071576
SL2GJ,Lerma–Santiago,7,train,2452,810.9920012980049
SL2GJ,Lerma–Santiago,7,val,681,860.9479636416171
SL2GJ,Lerma–Santiago,7,test,909,977.4529547599421
SL2GJ,Lerma–Santiago,14,train,2440,813.6157345229609
SL2GJ,Lerma–Santiago,14,val,674,865.9206898678337
SL2GJ,Lerma–Santiago,14,test,902,967.1746079419472
SLCGJ,Lerma–Santiago,1,train,2862,14.248963831094056
SLCGJ,Lerma–Santiago,1,val,693,6.198616711747449
SLCGJ,Lerma–Santiago,1,test,943,17.976679431520306
SLCGJ,Lerma–Santiago,7,train,2850,14.306430304081255
SLCGJ,Lerma–Santiago,7,val,687,6.248944485336962
SLCGJ,Lerma–Santiago,7,test,937,18.087416665508695
SLCGJ,Lerma–Santiago,14,train,2836,14.374061988355932
SLCGJ,Lerma–Santiago,14,val,680,6.308696906358131
SLCGJ,Lerma–Santiago,14,test,930,18.21834415088449
SLMGJ,Lerma–Santiago,1,train,3497,658.65189941391
SLMGJ,Lerma–Santiago,1,val,636,948.2793273456351
SLMGJ,Lerma–Santiago,1,test,945,439.6414697185409
SLMGJ,Lerma–Santiago,7,train,3473,649.361029038258
SLMGJ,Lerma–Santiago,7,val,630,954.5519939672463
SLMGJ,Lerma–Santiago,7,test,939,441.8152164065504
SLMGJ,Lerma–Santiago,14,train,3445,648.1139162269544
SLMGJ,Lerma–Santiago,14,val,624,959.5228071992109
SLMGJ,Lerma–Santiago,14,test,932,444.40964203924835
SLVGJ,Lerma–Santiago,1,train,3510,884.9990225667731
SLVGJ,Lerma–Santiago,1,val,635,999.9136482276643
SLVGJ,Lerma–Santiago,1,test,946,750.5458740507489
SLVGJ,Lerma–Santiago,7,train,3492,884.4168088245805
SLVGJ,Lerma–Santiago,7,val,629,984.8188835904268
SLVGJ,Lerma–Santiago,7,test,940,752.8451833562698
SLVGJ,Lerma–Santiago,14,train,3471,887.1692110521877
SLVGJ,Lerma–Santiago,14,val,622,987.9634820235524
SLVGJ,Lerma–Santiago,14,test,933,755.5242842859587
ACEHD,Pánuco,1,train,2813,0.22537331246969378
ACEHD,Pánuco,1,val,669,0.03404108043372859
ACEHD,Pánuco,1,test,939,0.007291376750695515
ACEHD,Pánuco,7,train,2801,0.2263005542851338
ACEHD,Pánuco,7,val,663,0.034347417584042556
ACEHD,Pánuco,7,test,933,0.007338036436991162
ACEHD,Pánuco,14,train,2787,0.22739200944360952
ACEHD,Pánuco,14,val,656,0.034711853063652584
ACEHD,Pánuco,14,test,926,0.007393233163377167
ARSHD,Pánuco,1,train,2827,574.757340801351
ARSHD,Pánuco,1,val,676,448.02447133569376
ARSHD,Pánuco,1,test,933,437.51431029065276
ARSHD,Pánuco,7,train,2815,567.6809532757336
ARSHD,Pánuco,7,val,670,451.3583328946313
ARSHD,Pánuco,7,test,927,439.4193753628703
ARSHD,Pánuco,14,train,2801,558.0335502753709
ARSHD,Pánuco,14,val,663,454.8633415400085
ARSHD,Pánuco,14,test,920,441.65796317568527
ATCHD,Pánuco,1,train,2046,2621.368540127053
ATCHD,Pánuco,1,val,433,1819.7784211244395
ATCHD,Pánuco,1,test,686,1899.2599321866317
ATCHD,Pánuco,7,train,1999,2632.179340787402
ATCHD,Pánuco,7,val,427,1847.412453898173
ATCHD,Pánuco,7,test,670,1937.5297094294945
ATCHD,Pánuco,14,train,1943,2565.8813389551788
ATCHD,Pánuco,14,val,420,1932.509285407596
ATCHD,Pánuco,14,test,652,1980.607034226683
CDCHD,Pánuco,1,train,2792,78.89939217944384
CDCHD,Pánuco,1,val,665,60.90558401582905
CDCHD,Pánuco,1,test,934,48.70032719577787
CDCHD,Pánuco,7,train,2774,78.7491458689167
CDCHD,Pánuco,7,val,659,60.855823047750185
CDCHD,Pánuco,7,test,928,48.63762388525565
CDCHD,Pánuco,14,train,2757,78.70764371212448
CDCHD,Pánuco,14,val,652,61.18849628796718
CDCHD,Pánuco,14,test,921,48.87206102935369
CDFHD,Pánuco,1,train,2822,17.32938596248922
CDFHD,Pánuco,1,val,671,18.531319671909042
CDFHD,Pánuco,1,test,938,9.61669856986011
CDFHD,Pánuco,7,train,2810,17.303194599916417
CDFHD,Pánuco,7,val,665,18.577077156198765
CDFHD,Pánuco,7,test,932,9.59922577778187
CDFHD,Pánuco,14,train,2796,17.339669730158146
CDFHD,Pánuco,14,val,658,18.76351705176412
CDFHD,Pánuco,14,test,925,9.646052922249817
CL1HD,Pánuco,1,train,2822,4.451320798263718
CL1HD,Pánuco,1,val,671,3.5633511586017264
CL1HD,Pánuco,1,test,938,3.984337447661176
CL1HD,Pánuco,7,train,2810,4.458020801104342
CL1HD,Pánuco,7,val,665,3.5714883952738994
CL1HD,Pánuco,7,test,932,3.9999801464154796
CL1HD,Pánuco,14,train,2796,4.462498910767682
CL1HD,Pánuco,14,val,658,3.58239708451511
CL1HD,Pánuco,14,test,925,4.010060213294376
CPEHD,Pánuco,1,train,2792,0.6983850877147971
CPEHD,Pánuco,1,val,666,0.04023480349719088
CPEHD,Pánuco,1,test,939,0.02356847574232665
CPEHD,Pánuco,7,train,2774,0.6123033728061944
CPEHD,Pánuco,7,val,660,0.04058129729109274
CPEHD,Pánuco,7,test,933,0.02371480857311235
CPEHD,Pánuco,14,train,2759,0.6108120567555705
CPEHD,Pánuco,14,val,653,0.04099313522932209
CPEHD,Pánuco,14,test,926,0.023887840592622996
CSTHD,Pánuco,1,train,2827,75.53689060601015
CSTHD,Pánuco,1,val,677,111.81552679974428
CSTHD,Pánuco,1,test,937,54.59735968490915
CSTHD,Pánuco,7,train,2815,74.3971815677369
CSTHD,Pánuco,7,val,671,112.48422530333755
CSTHD,Pánuco,7,test,931,54.87812193995808
CSTHD,Pánuco,14,train,2801,72.98427125215774
CSTHD,Pánuco,14,val,664,113.51849786593665
CSTHD,Pánuco,14,test,924,55.112905434095126
CVAHD,Pánuco,1,train,2822,8.903201854819956
CVAHD,Pánuco,1,val,670,8.549922566273112
CVAHD,Pánuco,1,test,937,5.89645709017061
CVAHD,Pánuco,7,train,2810,8.788558616278923
CVAHD,Pánuco,7,val,664,8.621718228335027
CVAHD,Pánuco,7,test,931,5.931299960427386
CVAHD,Pánuco,14,train,2796,8.32171561637205
CVAHD,Pánuco,14,val,657,8.707009769511803
CVAHD,Pánuco,14,test,924,5.972469664174208
RSTHD,Pánuco,1,train,2815,41.727542778076085
RSTHD,Pánuco,1,val,668,37.701549596615145
RSTHD,Pánuco,1,test,935,9.05584187434585
RSTHD,Pánuco,7,train,2803,41.70398909038008
RSTHD,Pánuco,7,val,662,37.91694981722511
RSTHD,Pánuco,7,test,929,9.081732572148947
RSTHD,Pánuco,14,train,2789,41.842015884922084
RSTHD,Pánuco,14,val,655,38.180924539595594
RSTHD,Pánuco,14,test,922,9.103453421544224
RTTHD,Pánuco,1,train,2725,837.4669228667756
RTTHD,Pánuco,1,val,663,2322.507516448612
RTTHD,Pánuco,1,test,872,1405.4507032173217
RTTHD,Pánuco,7,train,2714,821.924117788383
RTTHD,Pánuco,7,val,657,2340.8241464235984
RTTHD,Pánuco,7,test,860,1420.995276093023
RTTHD,Pánuco,14,train,2699,813.9183024424811
RTTHD,Pánuco,14,val,650,2362.6952587098226
RTTHD,Pánuco,14,test,846,1441.7202083151697
AJJJL,Lerma–Santiago,1,train,2167,37.2532164670417
AJJJL,Lerma–Santiago,1,val,635,41.511577390786776
AJJJL,Lerma–Santiago,1,test,778,37.61614504017949
AJJJL,Lerma–Santiago,7,train,2133,37.69048975075
AJJJL,Lerma–Santiago,7,val,631,41.722555824904994
AJJJL,Lerma–Santiago,7,test,768,37.75923611636692
AJJJL,Lerma–Santiago,14,train,2108,38.006299572874994
AJJJL,Lerma–Santiago,14,val,624,42.096649186133725
AJJJL,Lerma–Santiago,14,test,755,38.17651889197843
ATEJL,Lerma–Santiago,1,train,2977,50.25924865994797
ATEJL,Lerma–Santiago,1,val,208,0.6215359444341716
ATEJL,Lerma–Santiago,1,test,584,0.2421041468263276
ATEJL,Lerma–Santiago,7,train,2939,50.853326691635445
ATEJL,Lerma–Santiago,7,val,190,0.6442817423822715
ATEJL,Lerma–Santiago,7,test,579,0.23656911654600724
ATEJL,Lerma–Santiago,14,train,2905,51.395432448890716
ATEJL,Lerma–Santiago,14,val,176,0.6738715618543388
ATEJL,Lerma–Santiago,14,test,568,0.24065584209482246
ATQJL,Lerma–Santiago,1,train,1895,2.0667495596939593
ATQJL,Lerma–Santiago,1,val,567,1.9119082954626752
ATQJL,Lerma–Santiago,1,test,619,1.0005517534404598
ATQJL,Lerma–Santiago,7,train,1827,2.0978513027688726
ATQJL,Lerma–Santiago,7,val,556,1.9233958164044307
ATQJL,Lerma–Santiago,7,test,606,1.0055478613207858
ATQJL,Lerma–Santiago,14,train,1773,2.1042118718166747
ATQJL,Lerma–Santiago,14,val,542,1.9389272504459363
ATQJL,Lerma–Santiago,14,test,589,1.0203999123719811
BCSJL,Lerma–Santiago,1,train,2428,177.72935115760595
BCSJL,Lerma–Santiago,1,val,655,209.7254736120273
BCSJL,Lerma–Santiago,1,test,796,44.01478323211535
BCSJL,Lerma–Santiago,7,train,2392,180.23199571199913
BCSJL,Lerma–Santiago,7,val,649,211.44293616254473
BCSJL,Lerma–Santiago,7,test,784,44.66743290019133
BCSJL,Lerma–Santiago,14,train,2351,183.139243920241
BCSJL,Lerma–Santiago,14,val,644,212.89206994401252
BCSJL,Lerma–Santiago,14,test,772,45.33523323579157
BLNJL,Lerma–Santiago,1,train,1796,1339.661617443366
BLNJL,Lerma–Santiago,1,val,594,3554.0365442392504
BLNJL,Lerma–Santiago,1,test,737,464.4452916050069
BLNJL,Lerma–Santiago,7,train,1702,1400.8579673289598
BLNJL,Lerma–Santiago,7,val,586,3592.531104460448
BLNJL,Lerma–Santiago,7,test,721,472.9887454340846
BLNJL,Lerma–Santiago,14,train,1594,1473.1343256055882
BLNJL,Lerma–Santiago,14,val,574,3651.7407335235343
BLNJL,Lerma–Santiago,14,test,706,481.72373905977906
CXTJL,Lerma–Santiago,1,train,2082,133.7824369077247
CXTJL,Lerma–Santiago,1,val,514,411.32727299429206
CXTJL,Lerma–Santiago,1,test,618,150.24287891020202
CXTJL,Lerma–Santiago,7,train,2012,131.27852126433743
CXTJL,Lerma–Santiago,7,val,505,418.2724695084795
CXTJL,Lerma–Santiago,7,test,606,153.06887374331492
CXTJL,Lerma–Santiago,14,train,1944,135.6842226857938
CXTJL,Lerma–Santiago,14,val,495,426.27359262279356
CXTJL,Lerma–Santiago,14,test,594,156.00215632305094
SAUJL,Lerma–Santiago,1,train,2692,1.3782930853400863
SAUJL,Lerma–Santiago,1,val,640,0.12256921484375001
SAUJL,Lerma–Santiago,1,test,623,1.5180294613388847
SAUJL,Lerma–Santiago,7,train,2657,1.3959705642306015
SAUJL,Lerma–Santiago,7,val,635,0.12351918011036017
SAUJL,Lerma–Santiago,7,test,614,0.02841546966015557
SAUJL,Lerma–Santiago,14,train,2629,1.4205584747818933
SAUJL,Lerma–Santiago,14,val,629,0.1246787532131402
SAUJL,Lerma–Santiago,14,test,617,0.028277744825828965
SCRJL,Lerma–Santiago,1,train,2645,5154.186868615307
SCRJL,Lerma–Santiago,1,val,575,6333.433014906918
SCRJL,Lerma–Santiago,1,test,720,4155.546619652586
SCRJL,Lerma–Santiago,7,train,2619,5152.420470087989
SCRJL,Lerma–Santiago,7,val,570,6370.863496818713
SCRJL,Lerma–Santiago,7,test,712,4192.191568381517
SCRJL,Lerma–Santiago,14,train,2594,5187.198974980992
SCRJL,Lerma–Santiago,14,val,565,6410.505572154437
SCRJL,Lerma–Santiago,14,test,702,4243.08538000767
SGRJL,Lerma–Santiago,1,train,2030,372.19300319321025
SGRJL,Lerma–Santiago,1,val,559,87.43642002425747
SGRJL,Lerma–Santiago,1,test,613,300.3420111116138
SGRJL,Lerma–Santiago,7,train,1994,378.2708869304
SGRJL,Lerma–Santiago,7,val,553,88.1955855785801
SGRJL,Lerma–Santiago,7,test,599,306.06081129762725
SGRJL,Lerma–Santiago,14,train,1966,380.77441205728826
SGRJL,Lerma–Santiago,14,val,544,89.35463785108942
SGRJL,Lerma–Santiago,14,test,586,290.30066961758433
SRSJL,Lerma–Santiago,1,train,2602,10037.483039580222
SRSJL,Lerma–Santiago,1,val,502,15932.66344978651
SRSJL,Lerma–Santiago,1,test,41,54.73051754907793
SRSJL,Lerma–Santiago,7,train,2566,10154.630088904185
SRSJL,Lerma–Santiago,7,val,492,16180.078570130214
SRSJL,Lerma–Santiago,7,test,36,53.63194444444444
SRSJL,Lerma–Santiago,14,train,2532,10265.33422485656
SRSJL,Lerma–Santiago,14,val,486,16326.809632677947
SRSJL,Lerma–Santiago,14,test,29,47.63614744351962
ZULJL,Lerma–Santiago,1,train,3305,137.10631015816585
ZULJL,Lerma–Santiago,1,val,690,332.98357021970173
ZULJL,Lerma–Santiago,1,test,851,391.07159761696
ZULJL,Lerma–Santiago,7,train,3292,137.81121087738566
ZULJL,Lerma–Santiago,7,val,684,335.3135073911631
ZULJL,Lerma–Santiago,7,test,844,393.8633601030973
ZULJL,Lerma–Santiago,14,train,3281,137.82237323003773
ZULJL,Lerma–Santiago,14,val,677,338.07058816221536
ZULJL,Lerma–Santiago,14,test,836,397.10184157986305
ARBMX,Pánuco,1,train,3002,0.2828882285560459
ARBMX,Pánuco,1,val,696,0.0025368906064209278
ARBMX,Pánuco,1,test,398,2.5042296911694197e-05
ARBMX,Pánuco,7,train,2979,0.2841273107342761
ARBMX,Pánuco,7,val,690,0.0025585120772946847
ARBMX,Pánuco,7,test,393,2.4906603474286054e-05
ARBMX,Pánuco,14,train,2954,0.28544531905145426
ARBMX,Pánuco,14,val,683,0.0025845008135240055
ARBMX,Pánuco,14,test,387,2.4854275584400013e-05
ATOMX,Lerma–Santiago,1,train,1937,16.7976256768646
ATOMX,Lerma–Santiago,1,val,524,2.0262520755637783
ATOMX,Lerma–Santiago,1,test,626,9.343177352019516
ATOMX,Lerma–Santiago,7,train,1872,17.22877254227847
ATOMX,Lerma–Santiago,7,val,504,2.0538607107426303
ATOMX,Lerma–Santiago,7,test,591,9.701927310675357
ATOMX,Lerma–Santiago,14,train,1802,17.682890112262736
ATOMX,Lerma–Santiago,14,val,483,2.0728779453810513
ATOMX,Lerma–Santiago,14,test,552,10.121799338046104
CALMX,Lerma–Santiago,1,train,1994,6.420171272594112
CALMX,Lerma–Santiago,1,val,507,3.9944546946302064
CALMX,Lerma–Santiago,1,test,555,3.9848192107783467
CALMX,Lerma–Santiago,7,train,1918,6.5953670714084565
CALMX,Lerma–Santiago,7,val,489,3.5669061663341988
CALMX,Lerma–Santiago,7,test,514,4.2305349528380445
CALMX,Lerma–Santiago,14,train,1834,6.758508920915841
CALMX,Lerma–Santiago,14,val,469,3.6947233773259804
CALMX,Lerma–Santiago,14,test,468,4.584113614489736
CHPMX,Pánuco,1,train,3019,0.0006792558030124108
CHPMX,Pánuco,1,val,698,2.857119399676521e-07
CHPMX,Pánuco,1,test,370,6.900219138056977e-05
CHPMX,Pánuco,7,train,3007,0.0006818561146925879
CHPMX,Pánuco,7,val,692,2.8818203080624146e-07
CHPMX,Pánuco,7,test,365,6.994483017451681e-05
CHPMX,Pánuco,14,train,2991,0.0006853445212490251
CHPMX,Pánuco,14,val,685,2.9111833342213233e-07
CHPMX,Pánuco,14,test,356,7.170811766191135e-05
EMOMX,Pánuco,1,train,2854,1.4614235640827198
EMOMX,Pánuco,1,val,696,1.2419403454881754
EMOMX,Pánuco,1,test,325,2.1091366191715974
EMOMX,Pánuco,7,train,2838,1.469178029036617
EMOMX,Pánuco,7,val,690,1.2526277723167405
EMOMX,Pánuco,7,test,320,0.008810859375
EMOMX,Pánuco,14,train,2821,1.4772682345064567
EMOMX,Pánuco,14,val,683,1.2652785621954648
EMOMX,Pánuco,14,test,313,0.008684055160305812
GDLMX,Pánuco,1,train,3097,28.62183059496264
GDLMX,Pánuco,1,val,698,11.688650662350886
GDLMX,Pánuco,1,test,71,0.0
GDLMX,Pánuco,7,train,3085,28.68996598115522
GDLMX,Pánuco,7,val,692,11.789824839411608
GDLMX,Pánuco,7,test,65,0.0
GDLMX,Pánuco,14,train,3071,28.76976194621569
GDLMX,Pánuco,14,val,685,11.910097630347915
GDLMX,Pánuco,14,test,58,0.0
IXCMX,Lerma–Santiago,1,train,2120,224.62170983971166
IXCMX,Lerma–Santiago,1,val,536,155.59585255624862
IXCMX,Lerma–Santiago,1,test,601,259.9471033878644
IXCMX,Lerma–Santiago,7,train,2063,226.9019981388022
IXCMX,Lerma–Santiago,7,val,525,156.69226924045353
IXCMX,Lerma–Santiago,7,test,566,269.5726151930977
IXCMX,Lerma–Santiago,14,train,2004,228.81348258719586
IXCMX,Lerma–Santiago,14,val,512,158.06742186126706
IXCMX,Lerma–Santiago,14,test,525,279.5358885986395
K27MX,Pánuco,1,train,3307,33.53528797005262
K27MX,Pánuco,1,val,690,6.500582980256249
K27MX,Pánuco,1,test,253,3.1448325422987393
K27MX,Pánuco,7,train,3269,32.994487546565196
K27MX,Pánuco,7,val,684,6.546456542183919
K27MX,Pánuco,7,test,240,2.942622498263889
K27MX,Pánuco,14,train,3225,32.65175840351902
K27MX,Pánuco,14,val,677,6.6009481721645376
K27MX,Pánuco,14,test,229,3.207612002059457
LAYMX,Lerma–Santiago,1,train,1848,48.99578980853877
LAYMX,Lerma–Santiago,1,val,524,55.69478127585805
LAYMX,Lerma–Santiago,1,test,653,37.868858612740354
LAYMX,Lerma–Santiago,7,train,1784,48.75037989201471
LAYMX,Lerma–Santiago,7,val,506,55.44225697948726
LAYMX,Lerma–Santiago,7,test,624,38.28801921818499
LAYMX,Lerma–Santiago,14,train,1719,48.593306877620385
LAYMX,Lerma–Santiago,14,val,486,56.08537685185184
LAYMX,Lerma–Santiago,14,test,592,38.90185122352082
MBLMX,Pánuco,1,train,2840,18.89050121478873
MBLMX,Pánuco,1,val,678,2.454456717440677
MBLMX,Pánuco,1,test,332,4.758003512846567
MBLMX,Pánuco,7,train,2821,19.012055290014214
MBLMX,Pánuco,7,val,672,2.476130357142858
MBLMX,Pánuco,7,test,321,2.966504014906688
MBLMX,Pánuco,14,train,2803,19.12415227996506
MBLMX,Pánuco,14,val,665,2.5018975060206916
MBLMX,Pánuco,14,test,308,3.134651909048744
OBSMX,Pánuco,1,train,2790,6.985510798229725
OBSMX,Pánuco,1,val,692,0.0580135278492432
OBSMX,Pánuco,1,test,465,1.3402948067984741
OBSMX,Pánuco,7,train,2781,7.005267259790941
OBSMX,Pánuco,7,val,686,0.0505641424916489
OBSMX,Pánuco,7,test,459,0.0002515528215643556
OBSMX,Pánuco,14,train,2772,7.021856761010955
OBSMX,Pánuco,14,val,679,0.040947106656457885
OBSMX,Pánuco,14,test,452,0.0002554404221160622
SB2MX,Lerma–Santiago,1,train,1690,99.20860529253179
SB2MX,Lerma–Santiago,1,val,524,88.02976053952275
SB2MX,Lerma–Santiago,1,test,576,104.11783521291474
SB2MX,Lerma–Santiago,7,train,1618,101.28621266350743
SB2MX,Lerma–Santiago,7,val,506,89.1452889265572
SB2MX,Lerma–Santiago,7,test,548,105.81697917410355
SB2MX,Lerma–Santiago,14,train,1551,102.90795453934382
SB2MX,Lerma–Santiago,14,val,486,90.80719783781267
SB2MX,Lerma–Santiago,14,test,513,108.7680484525153
SLAMX,Pánuco,1,train,3068,0.2818098833545248
SLAMX,Pánuco,1,val,699,0.25885711695227803
SLAMX,Pánuco,1,test,419,0.21169595753043097
SLAMX,Pánuco,7,train,3056,0.2827046796513082
SLAMX,Pánuco,7,val,693,0.2601443955114951
SLAMX,Pánuco,7,test,414,0.2032297679059021
SLAMX,Pánuco,14,train,3042,0.28346997079242564
SLAMX,Pánuco,14,val,686,0.2616533757193006
SLAMX,Pánuco,14,test,407,0.15687243267390688
SMLMX,Lerma–Santiago,1,train,2013,4.857655902258767
SMLMX,Lerma–Santiago,1,val,555,1.4778362860157457
SMLMX,Lerma–Santiago,1,test,552,2.9889148153617935
SMLMX,Lerma–Santiago,7,train,1963,4.958413181348582
SMLMX,Lerma–Santiago,7,val,543,1.5065813111117894
SMLMX,Lerma–Santiago,7,test,520,3.102162775147929
SMLMX,Lerma–Santiago,14,train,1914,5.052276906564291
SMLMX,Lerma–Santiago,14,val,536,1.5242160834122298
SMLMX,Lerma–Santiago,14,test,487,3.2336797212114563
TESMX,Cutzamala,1,train,1988,0.5466017421176962
TESMX,Cutzamala,1,val,550,0.345246612892562
TESMX,Cutzamala,1,test,401,0.37515284979571023
TESMX,Cutzamala,7,train,1924,0.5548339271474017
TESMX,Cutzamala,7,val,532,0.350502005130307
TESMX,Cutzamala,7,test,374,0.40630066987903574
TESMX,Cutzamala,14,train,1850,0.563491159707816
TESMX,Cutzamala,14,val,512,0.357240625
TESMX,Cutzamala,14,test,346,0.4006635971799927
TJCMX,Pánuco,1,train,1967,9.66131089773329
TJCMX,Pánuco,1,val,491,17.072555781666743
TJCMX,Pánuco,1,test,553,11.660578235434539
TJCMX,Pánuco,7,train,1912,9.920330095652211
TJCMX,Pánuco,7,val,466,17.899717219418296
TJCMX,Pánuco,7,test,517,12.38909738971675
TJCMX,Pánuco,14,train,1847,10.243280089253442
TJCMX,Pánuco,14,val,439,18.89469961239305
TJCMX,Pánuco,14,test,480,13.253307493055555
TROMX,Lerma–Santiago,1,train,2069,0.3037491502095071
TROMX,Lerma–Santiago,1,val,506,0.16811936641722258
TROMX,Lerma–Santiago,1,test,593,0.11915640254913279
TROMX,Lerma–Santiago,7,train,1986,0.30871423451065816
TROMX,Lerma–Santiago,7,val,486,0.1741162208504801
TROMX,Lerma–Santiago,7,test,559,0.119334302565596
TROMX,Lerma–Santiago,14,train,1909,0.31476421735865046
TROMX,Lerma–Santiago,14,val,466,0.18049699616865292
TROMX,Lerma–Santiago,14,test,520,0.11999351331360947
TTLMX,Pánuco,1,train,3092,0.014693277899482703
TTLMX,Pánuco,1,val,685,3.339421386328512e-05
TTLMX,Pánuco,1,test,433,5.414824336361058e-05
TTLMX,Pánuco,7,train,3080,0.014750093565525382
TTLMX,Pánuco,7,val,679,3.347554772785926e-05
TTLMX,Pánuco,7,test,427,5.314020260079298e-05
TTLMX,Pánuco,14,train,3067,0.014812458761180708
TTLMX,Pánuco,14,val,672,3.35592049319727e-05
TTLMX,Pánuco,14,test,418,5.329090451225925e-05
ADUMC,Lerma–Santiago,1,train,2021,15.500670102861077
ADUMC,Lerma–Santiago,1,val,641,8.44581060745082
ADUMC,Lerma–Santiago,1,test,836,23.045249777363153
ADUMC,Lerma–Santiago,7,train,1987,15.464671204196172
ADUMC,Lerma–Santiago,7,val,631,8.589069479431686
ADUMC,Lerma–Santiago,7,test,822,23.336970614666026
ADUMC,Lerma–Santiago,14,train,1972,15.568999544947726
ADUMC,Lerma–Santiago,14,val,623,8.736224021910239
ADUMC,Lerma–Santiago,14,test,808,23.625287155058327
CHAMC,,1,train,2120,0.6877040014239943
CHAMC,,1,val,668,0.8070870367797338
CHAMC,,1,test,783,0.825225639996803
CHAMC,,7,train,2088,0.6883914386716284
CHAMC,,7,val,662,0.8084862498973175
CHAMC,,7,test,769,0.8272669929197224
CHAMC,,14,train,2073,0.6789008398007227
CHAMC,,14,val,655,0.810012619311229
CHAMC,,14,test,755,0.8486594931801236
CMNMC,,1,train,2777,147124.38520360593
CMNMC,,1,val,315,68778.43028228168
CMNMC,,1,test,635,230852.0373445684
CMNMC,,7,train,2731,146846.59320438773
CMNMC,,7,val,298,71005.75718268096
CMNMC,,7,test,615,236027.41637332115
CMNMC,,14,train,2709,147302.76659496248
CMNMC,,14,val,282,73803.75204956617
CMNMC,,14,test,606,238058.66132374495
EGIMC,Lerma–Santiago,1,train,3512,810.3636733480005
EGIMC,Lerma–Santiago,1,val,666,1563.072079303628
EGIMC,Lerma–Santiago,1,test,533,1662.9201300036257
EGIMC,Lerma–Santiago,7,train,3494,804.868639698441
EGIMC,Lerma–Santiago,7,val,660,1574.344138928145
EGIMC,Lerma–Santiago,7,test,515,1663.112154603073
EGIMC,Lerma–Santiago,14,train,3473,805.1264128257566
EGIMC,Lerma–Santiago,14,val,654,1585.890002007173
EGIMC,Lerma–Santiago,14,test,495,1685.2121859304152
LPNMC,,1,train,2715,9583.888403842644
LPNMC,,1,val,532,1832.6281317467774
LPNMC,,1,test,455,20557.061349257336
LPNMC,,7,train,2668,10562.493698549455
LPNMC,,7,val,520,1869.4722489807693
LPNMC,,7,test,445,21446.030515522787
LPNMC,,14,train,2645,10663.137468305702
LPNMC,,14,val,507,1909.5272427607188
LPNMC,,14,test,440,22121.856492140494
LPSMC,,1,train,2631,2151.3892753300015
LPSMC,,1,val,599,3701.2123116786183
LPSMC,,1,test,808,2380.531718719825
LPSMC,,7,train,2599,2174.774626832175
LPSMC,,7,val,593,3733.390490744464
LPSMC,,7,test,800,2401.4034085193744
LPSMC,,14,train,2580,2189.333685399615
LPSMC,,14,val,586,3771.634382582208
LPSMC,,14,test,791,2425.4448865124555
LPZMC,,1,train,2494,3443.018617435542
LPZMC,,1,val,357,574.3804945978392
LPZMC,,1,test,463,780.6812566714402
LPZMC,,7,train,2430,3475.5279422353638
LPZMC,,7,val,343,584.6538265229624
LPZMC,,7,test,446,672.2823911822077
LPZMC,,14,train,2395,3510.283144222105
LPZMC,,14,val,336,1249.7624367054634
LPZMC,,14,test,439,746.5646945626061
SCRMC,Lerma–Santiago,1,train,1916,135.1928040100723
SCRMC,Lerma–Santiago,1,val,478,209.64307344803137
SCRMC,Lerma–Santiago,1,test,769,243.1385454657984
SCRMC,Lerma–Santiago,7,train,1879,129.3366519736784
SCRMC,Lerma–Santiago,7,val,471,214.61148855802128
SCRMC,Lerma–Santiago,7,test,755,245.59841503091965
SCRMC,Lerma–Santiago,14,train,1865,126.17436817296176
SCRMC,Lerma–Santiago,14,val,464,215.60275687007655
SCRMC,Lerma–Santiago,14,test,740,248.13666598447767
TLAMC,,1,train,2480,2.078252491398933
TLAMC,,1,val,654,2.3319547468413613
TLAMC,,1,test,780,10.293874811965813
TLAMC,,7,train,2459,2.123905945658453
TLAMC,,7,val,650,2.345949729940829
TLAMC,,7,test,766,10.445463975655978
TLAMC,,14,train,2438,2.150129980194635
TLAMC,,14,val,643,2.3708491702725123
TLAMC,,14,test,753,10.579151585248205
YURMC,Lerma–Santiago,1,train,3086,2605.840784905007
YURMC,Lerma–Santiago,1,val,605,3137.1800409463835
YURMC,Lerma–Santiago,1,test,699,1716.7678982155176
YURMC,Lerma–Santiago,7,train,3040,2630.2180397579527
YURMC,Lerma–Santiago,7,val,593,3183.2047494313933
YURMC,Lerma–Santiago,7,test,675,1767.7537398957475
YURMC,Lerma–Santiago,14,train,2996,2633.7733808473936
YURMC,Lerma–Santiago,14,val,579,3238.36186514239
YURMC,Lerma–Santiago,14,test,647,1831.0343653098716
ALUMR,Alta del Balsas,1,train,2224,1908.7668912044376
ALUMR,Alta del Balsas,1,val,647,17.47808327723484
ALUMR,Alta del Balsas,1,test,628,18.654751708740722
ALUMR,Alta del Balsas,7,train,2201,1928.435647286878
ALUMR,Alta del Balsas,7,val,641,17.628466501493133
ALUMR,Alta del Balsas,7,test,601,19.050371097532953
ALUMR,Alta del Balsas,14,train,2175,5961.766069626867
ALUMR,Alta del Balsas,14,val,636,17.752098800482578
ALUMR,Alta del Balsas,14,test,576,18.920748825412325
AMCMR,Alta del Balsas,1,train,2228,2449.728464180465
AMCMR,Alta del Balsas,1,val,617,416.11609090569993
AMCMR,Alta del Balsas,1,test,589,3729.3948832362416
AMCMR,Alta del Balsas,7,train,2189,2482.8157797030335
AMCMR,Alta del Balsas,7,val,611,419.11551765049376
AMCMR,Alta del Balsas,7,test,556,3902.590617057541
AMCMR,Alta del Balsas,14,train,2151,2514.644164305964
AMCMR,Alta del Balsas,14,val,606,421.80542165147205
AMCMR,Alta del Balsas,14,test,534,2708.5175671786674
CRDMR,Alta del Balsas,1,train,2137,0.7892907170474356
CRDMR,Alta del Balsas,1,val,645,0.5084036257436453
CRDMR,Alta del Balsas,1,test,487,0.4515561629049327
CRDMR,Alta del Balsas,7,train,2108,0.7765141740689665
CRDMR,Alta del Balsas,7,val,639,0.5118909475633142
CRDMR,Alta del Balsas,7,test,458,0.452661593505082
CRDMR,Alta del Balsas,14,train,2089,0.7666806491226584
CRDMR,Alta del Balsas,14,val,634,0.5141895921444138
CRDMR,Alta del Balsas,14,test,424,0.4657080850614098
CUAMR,Alta del Balsas,1,train,2663,738.7755334246908
CUAMR,Alta del Balsas,1,val,620,6.604509707336109
CUAMR,Alta del Balsas,1,test,657,889.7180593774108
CUAMR,Alta del Balsas,7,train,2648,742.9550240212644
CUAMR,Alta del Balsas,7,val,613,6.665793745093396
CUAMR,Alta del Balsas,7,test,636,918.9414754625507
CUAMR,Alta del Balsas,14,train,2625,748.2630900483772
CUAMR,Alta del Balsas,14,val,609,6.740493840881578
CUAMR,Alta del Balsas,14,test,621,941.0196835077184
CXXMR,Alta del Balsas,1,train,2131,109.01021591584183
CXXMR,Alta del Balsas,1,val,618,0.24411446491972227
CXXMR,Alta del Balsas,1,test,483,0.20356037961498397
CXXMR,Alta del Balsas,7,train,2115,109.83075368004067
CXXMR,Alta del Balsas,7,val,612,0.24633784094792602
CXXMR,Alta del Balsas,7,test,454,0.16180700382308988
CXXMR,Alta del Balsas,14,train,2094,110.92762487183104
CXXMR,Alta del Balsas,14,val,605,0.24899371518338909
CXXMR,Alta del Balsas,14,test,423,0.1488480335775643
ESTMR,Alta del Balsas,1,train,2040,13.48673935868416
ESTMR,Alta del Balsas,1,val,646,0.3452922677299696
ESTMR,Alta del Balsas,1,test,423,0.22757799909461296
ESTMR,Alta del Balsas,7,train,2005,13.710090134116083
ESTMR,Alta del Balsas,7,val,640,0.34726315527343754
ESTMR,Alta del Balsas,7,test,392,0.2246791851051645
ESTMR,Alta del Balsas,14,train,1975,13.914223593757407
ESTMR,Alta del Balsas,14,val,635,0.3493829955979912
ESTMR,Alta del Balsas,14,test,360,0.31833861033950617
PERMR,Alta del Balsas,1,train,2151,2.3754906943263823
PERMR,Alta del Balsas,1,val,645,2.119427948801154
PERMR,Alta del Balsas,1,test,474,2.6188795532233087
PERMR,Alta del Balsas,7,train,2125,2.37142758532872
PERMR,Alta del Balsas,7,val,639,2.133744517181335
PERMR,Alta del Balsas,7,test,444,2.5321052349646944
PERMR,Alta del Balsas,14,train,2099,2.418566978762772
PERMR,Alta del Balsas,14,val,634,2.145800611260934
PERMR,Alta del Balsas,14,test,412,2.5338197161608074
TEMMR,Alta del Balsas,1,train,1936,67.82500447875402
TEMMR,Alta del Balsas,1,val,643,29.74730302842672
TEMMR,Alta del Balsas,1,test,556,44.28583396045754
TEMMR,Alta del Balsas,7,train,1891,67.7789874760933
TEMMR,Alta del Balsas,7,val,637,29.957906557179086
TEMMR,Alta del Balsas,7,test,528,45.158436340679515
TEMMR,Alta del Balsas,14,train,1852,67.07768729769113
TEMMR,Alta del Balsas,14,val,632,30.140738202010894
TEMMR,Alta del Balsas,14,test,499,41.44115801623287
TICMR,Alta del Balsas,1,train,2070,55.12428745212257
TICMR,Alta del Balsas,1,val,558,74.30602956957131
TICMR,Alta del Balsas,1,test,518,47.83538713793771
TICMR,Alta del Balsas,7,train,2034,55.46447964623524
TICMR,Alta del Balsas,7,val,551,74.82892832895807
TICMR,Alta del Balsas,7,test,488,50.60730319806503
TICMR,Alta del Balsas,14,train,2003,55.269150089144865
TICMR,Alta del Balsas,14,val,547,73.58264642707938
TICMR,Alta del Balsas,14,test,464,51.67671660225922
XICMR,Alta del Balsas,1,train,2121,2494.728828095596
XICMR,Alta del Balsas,1,val,647,2044.1752993724456
XICMR,Alta del Balsas,1,test,606,7224.630944642682
XICMR,Alta del Balsas,7,train,2089,2528.6113590563627
XICMR,Alta del Balsas,7,val,641,2058.988368972038
XICMR,Alta del Balsas,7,test,574,7530.668592357865
XICMR,Alta del Balsas,14,train,2078,2545.587456953038
XICMR,Alta del Balsas,14,val,636,2071.3646935037677
XICMR,Alta del Balsas,14,test,551,6010.937612007207
YAHMR,Alta del Balsas,1,train,2566,6546.213151312369
YAHMR,Alta del Balsas,1,val,618,15.102678471109437
YAHMR,Alta del Balsas,1,test,578,1.8179630850325068
YAHMR,Alta del Balsas,7,train,2532,6633.776455113738
YAHMR,Alta del Balsas,7,val,611,15.227782356202837
YAHMR,Alta del Balsas,7,test,555,1.8790504647350055
YAHMR,Alta del Balsas,14,train,2503,6710.333824945313
YAHMR,Alta del Balsas,14,val,607,15.67884092832387
YAHMR,Alta del Balsas,14,test,534,1.935620043765518
ZCTMR,Alta del Balsas,1,train,2472,70966.86110495386
ZCTMR,Alta del Balsas,1,val,648,184.60013246432518
ZCTMR,Alta del Balsas,1,test,711,5923.844648170502
ZCTMR,Alta del Balsas,7,train,2438,71954.09921848078
ZCTMR,Alta del Balsas,7,val,642,186.04775992202133
ZCTMR,Alta del Balsas,7,test,700,6015.299093146734
ZCTMR,Alta del Balsas,14,train,2404,72968.87653564685
ZCTMR,Alta del Balsas,14,val,637,187.2638305548231
ZCTMR,Alta del Balsas,14,test,693,6074.871861652186
CAPNR,Lerma–Santiago,1,train,3142,20048.3307331144
CAPNR,Lerma–Santiago,1,val,604,80941.06744694093
CAPNR,Lerma–Santiago,1,test,26,330.32932071005905
CAPNR,Lerma–Santiago,7,train,3081,20185.3662525777
CAPNR,Lerma–Santiago,7,val,592,81634.94842003717
CAPNR,Lerma–Santiago,7,test,20,421.20604900000006
CAPNR,Lerma–Santiago,14,train,3018,20053.525469959226
CAPNR,Lerma–Santiago,14,val,581,82458.00929681628
CAPNR,Lerma–Santiago,14,test,14,579.9092775510203
CHPNR,Lerma–Santiago,1,train,2248,12426.7528646121
CHPNR,Lerma–Santiago,1,val,466,14518.993554506897
CHPNR,Lerma–Santiago,1,test,699,4819.289578208395
CHPNR,Lerma–Santiago,7,train,2186,11341.680208080303
CHPNR,Lerma–Santiago,7,val,454,14872.875366654214
CHPNR,Lerma–Santiago,7,test,679,4944.089177847958
CHPNR,Lerma–Santiago,14,train,2137,9233.374570690788
CHPNR,Lerma–Santiago,14,val,441,15272.639341118154
CHPNR,Lerma–Santiago,14,test,661,5061.472818775019
JMANR,Lerma–Santiago,1,train,2641,3097.1581187747
JMANR,Lerma–Santiago,1,val,683,5980.906683108926
JMANR,Lerma–Santiago,1,test,745,3456.544445440115
JMANR,Lerma–Santiago,7,train,2623,3098.371265344269
JMANR,Lerma–Santiago,7,val,677,6024.57249932341
JMANR,Lerma–Santiago,7,test,721,3544.4019741482493
JMANR,Lerma–Santiago,14,train,2611,3109.3646985698633
JMANR,Lerma–Santiago,14,val,671,6068.8506830519655
JMANR,Lerma–Santiago,14,test,704,3588.7484203558806
LESNR,Lerma–Santiago,1,train,1718,6525.733950970854
LESNR,Lerma–Santiago,1,val,573,1408.692450346451
LESNR,Lerma–Santiago,1,test,617,770.1237427958255
LESNR,Lerma–Santiago,7,train,1661,6653.5556575576475
LESNR,Lerma–Santiago,7,val,561,1434.5551005754303
LESNR,Lerma–Santiago,7,test,585,806.0473489184017
LESNR,Lerma–Santiago,14,train,1601,6865.91824488263
LESNR,Lerma–Santiago,14,val,547,1465.9177124571788
LESNR,Lerma–Santiago,14,test,558,835.4815783240838
ROMNR,Lerma–Santiago,1,train,2545,98.34466847813617
ROMNR,Lerma–Santiago,1,val,563,85.73952738091106
ROMNR,Lerma–Santiago,1,test,598,109.60412182190359
ROMNR,Lerma–Santiago,7,train,2491,100.19473982070498
ROMNR,Lerma–Santiago,7,val,551,87.33059208434757
ROMNR,Lerma–Santiago,7,test,570,114.52054721945215
ROMNR,Lerma–Santiago,14,train,2428,102.44204662470247
ROMNR,Lerma–Santiago,14,val,537,89.26216647905983
ROMNR,Lerma–Santiago,14,test,544,119.66663572529194
BLMSL,Pánuco,1,train,2985,351.373240182487
BLMSL,Pánuco,1,val,623,283.37512171056534
BLMSL,Pánuco,1,test,763,2223.320973226674
BLMSL,Pánuco,7,train,2956,362.84978667945154
BLMSL,Pánuco,7,val,617,282.3971878231312
BLMSL,Pánuco,7,test,745,2265.305655681456
BLMSL,Pánuco,14,train,2923,368.0180182060033
BLMSL,Pánuco,14,val,612,278.916882695491
BLMSL,Pánuco,14,test,733,2293.602353471968
GANSL,Pánuco,1,train,2613,1624.8225348035942
GANSL,Pánuco,1,val,697,97.30659051355573
GANSL,Pánuco,1,test,393,1297.1256742393928
GANSL,Pánuco,7,train,2595,1619.5805531111928
GANSL,Pánuco,7,val,691,97.7197204772546
GANSL,Pánuco,7,test,375,1342.046324063289
GANSL,Pánuco,14,train,2572,1618.196565458799
GANSL,Pánuco,14,val,684,98.18456888850416
GANSL,Pánuco,14,test,354,1397.7346147339526
PUJSL,Pánuco,1,train,2763,40499.588520080026
PUJSL,Pánuco,1,val,0,0.0
PUJSL,Pánuco,1,test,341,8637.494690398256
PUJSL,Pánuco,7,train,2730,39589.19223622323
PUJSL,Pánuco,7,val,0,0.0
PUJSL,Pánuco,7,test,335,8585.216900815327
PUJSL,Pánuco,14,train,2697,36735.83982401353
PUJSL,Pánuco,14,val,0,0.0
PUJSL,Pánuco,14,test,328,8524.327320730778
RQTSL,Pánuco,1,train,3332,6213.601948654215
RQTSL,Pánuco,1,val,693,3993.2429364292275
RQTSL,Pánuco,1,test,425,979.5364342975778
RQTSL,Pánuco,7,train,3314,6157.008193242108
RQTSL,Pánuco,7,val,687,4020.7928261741768
RQTSL,Pánuco,7,test,391,1049.203580539112
RQTSL,Pánuco,14,train,3306,6173.664955398221
RQTSL,Pánuco,14,val,680,4053.430293792171
RQTSL,Pánuco,14,test,365,2399.107741381873
STRSL,Pánuco,1,train,3078,2996.4956211698773
STRSL,Pánuco,1,val,649,843.2154879907692
STRSL,Pánuco,1,test,793,3955.963972182193
STRSL,Pánuco,7,train,3050,2988.239421000688
STRSL,Pánuco,7,val,638,855.700140105738
STRSL,Pánuco,7,test,783,3997.4033347866302
STRSL,Pánuco,14,train,3022,3007.552121296166
STRSL,Pánuco,14,val,630,864.1603171088437
STRSL,Pánuco,14,test,770,4051.830011576994
SVTSL,Pánuco,1,train,2280,52070.260686770074
SVTSL,Pánuco,1,val,584,46701.99222168295
SVTSL,Pánuco,1,test,580,45748.51200117092
SVTSL,Pánuco,7,train,2253,52620.13845465148
SVTSL,Pánuco,7,val,573,47526.46070342736
SVTSL,Pánuco,7,test,569,46531.089342781255
SVTSL,Pánuco,14,train,2225,53147.722125500804
SVTSL,Pánuco,14,val,567,48152.51776244847
SVTSL,Pánuco,14,test,555,47508.88762438439
TBLSL,Pánuco,1,train,2971,1785.9263241699493
TBLSL,Pánuco,1,val,583,6.565326710190681
TBLSL,Pánuco,1,test,509,202.46762695604852
TBLSL,Pánuco,7,train,2952,2011.9229270701137
TBLSL,Pánuco,7,val,577,6.576076088295104
TBLSL,Pánuco,7,test,491,208.16715782745217
TBLSL,Pánuco,14,train,2932,2028.4819005632323
TBLSL,Pánuco,14,val,571,6.5936937618275016
TBLSL,Pánuco,14,test,479,211.917224335668
TMTSL,Pánuco,1,train,2860,1895.593551074576
TMTSL,Pánuco,1,val,694,11373.319552873123
TMTSL,Pánuco,1,test,130,3.7887030769230763
TMTSL,Pánuco,7,train,2824,2182.449069566153
TMTSL,Pánuco,7,val,688,11464.837585897572
TMTSL,Pánuco,7,test,121,4.0135949593607005
TMTSL,Pánuco,14,train,2792,2271.42354188964
TMTSL,Pánuco,14,val,681,11573.94902246157
TMTSL,Pánuco,14,test,109,4.3788194933086455
AHLTP,Pánuco,1,train,2245,153.79516539739384
AHLTP,Pánuco,1,val,685,71.63692055708881
AHLTP,Pánuco,1,test,838,226.82497293647225
AHLTP,Pánuco,7,train,2224,154.74406245083068
AHLTP,Pánuco,7,val,679,72.10563765695458
AHLTP,Pánuco,7,test,826,229.07982630782848
AHLTP,Pánuco,14,train,2201,155.70209116908364
AHLTP,Pánuco,14,val,672,72.65257900700645
AHLTP,Pánuco,14,test,815,231.04492457977344
LSRTP,Pánuco,1,train,3097,830.0121369813131
LSRTP,Pánuco,1,val,697,83.94295490120604
LSRTP,Pánuco,1,test,796,327.00148661571046
LSRTP,Pánuco,7,train,3085,833.173217624255
LSRTP,Pánuco,7,val,691,84.65698843807397
LSRTP,Pánuco,7,test,779,333.8028689343666
LSRTP,Pánuco,14,train,3071,836.8855679826862
LSRTP,Pánuco,14,val,684,85.50552790666359
LSRTP,Pánuco,14,test,767,346.97855053383626
MGSTP,Pánuco,1,train,3180,18497.077653561606
MGSTP,Pánuco,1,val,694,238.33545259490572
MGSTP,Pánuco,1,test,764,61040.47774634263
MGSTP,Pánuco,7,train,3157,18605.839472842374
MGSTP,Pánuco,7,val,688,240.28648671220088
MGSTP,Pánuco,7,test,752,61957.55919917648
MGSTP,Pánuco,14,train,3138,33981.66428884974
MGSTP,Pánuco,14,val,681,242.55122178104668
MGSTP,Pánuco,14,test,744,62581.510025567804
RFRTP,Pánuco,1,train,3324,6266.607999149352
RFRTP,Pánuco,1,val,696,839.0220917327256
RFRTP,Pánuco,1,test,825,9083.466634128044
RFRTP,Pánuco,7,train,3303,6302.292398961558
RFRTP,Pánuco,7,val,690,844.6019979298466
RFRTP,Pánuco,7,test,813,9202.595174974924
RFRTP,Pánuco,14,train,3279,6343.830872249637
RFRTP,Pánuco,14,val,683,851.1496773342994
RFRTP,Pánuco,14,test,804,9294.997072181846
SBNTP,Pánuco,1,train,3265,1245.4587159159773
SBNTP,Pánuco,1,val,691,436.31325103909893
SBNTP,Pánuco,1,test,812,2909.9667799764616
SBNTP,Pánuco,7,train,3240,1253.9586191277908
SBNTP,Pánuco,7,val,685,439.5500081679365
SBNTP,Pánuco,7,test,800,2948.757729824375
SBNTP,Pánuco,14,train,3218,1261.1470811067502
SBNTP,Pánuco,14,val,678,443.3766664719677
SBNTP,Pánuco,14,test,788,2989.1754509450125
SGBTP,Pánuco,1,train,3322,474.4480575717102
SGBTP,Pánuco,1,val,689,55.460108276229626
SGBTP,Pánuco,1,test,823,5482.830795289438
SGBTP,Pánuco,7,train,3300,477.0620799109274
SGBTP,Pánuco,7,val,683,55.91093933919127
SGBTP,Pánuco,7,test,811,5558.282781480597
SGBTP,Pánuco,14,train,3282,476.1257856815154
SGBTP,Pánuco,14,val,676,56.4332599112426
SGBTP,Pánuco,14,test,799,5635.865516117299
TMSTP,Pánuco,1,train,2510,21249.904658103216
TMSTP,Pánuco,1,val,684,459.54919835569063
TMSTP,Pánuco,1,test,258,12380.095683043386
TMSTP,Pánuco,7,train,2487,21407.516329661677
TMSTP,Pánuco,7,val,678,463.3139234021632
TMSTP,Pánuco,7,test,240,12681.543218539931
TMSTP,Pánuco,14,train,2477,21473.195771744347
TMSTP,Pánuco,14,val,671,467.7658182910931
TMSTP,Pánuco,14,test,224,13121.03085363321
OLVVC,Pánuco,1,train,3369,112441.2727705957
OLVVC,Pánuco,1,val,692,19424.959174558746
OLVVC,Pánuco,1,test,663,63705.83550855953
OLVVC,Pánuco,7,train,3356,112581.91874166761
OLVVC,Pánuco,7,val,686,19535.046726071614
OLVVC,Pánuco,7,test,642,64704.88890027198
OLVVC,Pánuco,14,train,3348,113212.42788038723
OLVVC,Pánuco,14,val,679,19667.339330794006
OLVVC,Pánuco,14,test,637,69354.07006288701
PSNVC,Pánuco,1,train,3094,11052.989006415279
PSNVC,Pánuco,1,val,688,14104.000804515956
PSNVC,Pánuco,1,test,637,18721.089811185182
PSNVC,Pánuco,7,train,3082,11093.816994182334
PSNVC,Pánuco,7,val,682,14213.165228797483
PSNVC,Pánuco,7,test,616,19259.115105915836
PSNVC,Pánuco,14,train,3068,11139.596232885155
PSNVC,Pánuco,14,val,675,14342.528357064686
PSNVC,Pánuco,14,test,598,19747.698992100763
TMPVC,Pánuco,1,train,3185,40105.52888338413
TMPVC,Pánuco,1,val,692,16244.302080071797
TMPVC,Pánuco,1,test,733,41405.38077268918
TMPVC,Pánuco,7,train,3173,40615.05856273544
TMPVC,Pánuco,7,val,686,16361.765523594975
TMPVC,Pánuco,7,test,722,42017.08903495312
TMPVC,Pánuco,14,train,3161,40824.51470173958
TMPVC,Pánuco,14,val,679,16506.064017631837
TMPVC,Pánuco,14,test,708,42809.201316402534
