variante,clave,n_train,n_val,n_test,alpha,NSE_persistencia,KGE_persistencia,NSE_ridge,KGE_ridge
congelada,ACEHD,2839,699,968,0.001,0.31654919378198265,0.6582745968909934,0.39322303675788217,-1.2110498560759253
congelada,ACSGJ,2376,720,977,31.622776601683793,0.17761497969069606,0.5887757383967005,0.34154899391043836,0.49532156290713003
congelada,ADUMC,2091,692,913,0.001,0.912218071997929,0.9559898016489777,0.9032144303796624,0.8839666034499564
congelada,AHLTP,2288,715,878,31.622776601683793,0.5906586959448041,0.7962463022524462,0.6567899752279704,0.7450395024429237
congelada,AJJJL,2231,656,845,1000.0,-0.9424720374816615,0.2197319553112853,0.39500649042169855,0.6375304174592362
congelada,ALUMR,2336,673,684,0.001,-0.09067165238756214,0.454625181241168,-0.05016273824335027,-0.28375141275546034
congelada,AMCGJ,3566,718,974,0.001,0.16116165220446887,0.5784178551254087,0.3557389016170095,0.4242180705709524
congelada,AMCMR,2345,671,650,100.0,0.1522134844390326,0.5755711528960614,0.3138870821873361,0.42111251661068216
congelada,ANSGJ,3330,619,919,0.001,0.8023192145094427,0.9009930563751064,-0.07752335049048908,-0.44849517140061046
congelada,ARBMX,3043,726,902,0.001,-6444.657326752948,-78.2558522756498,-632.9742285813167,-22.75991653074844
congelada,ARSHD,2853,702,963,100.0,0.5166652020464773,0.7577101518861236,0.5979904230312931,0.7075211010716245
congelada,ATCHD,2147,501,720,31.622776601683793,0.7564435431783725,0.8790014076697689,-17.011965413252646,-2.3822878440444666
congelada,ATEJL,3103,257,709,0.001,-5369.3420831934245,-71.21186258176458,-216.1859067368089,-12.462237514617014
congelada,ATOMX,2166,570,667,0.001,0.908442575903984,0.9536204190227631,0.44031408880636513,0.31131540651667944
congelada,ATQJL,2019,591,681,0.001,0.6164905340704958,0.8072777461369348,0.647047017758427,0.7774538424850068
congelada,BCSJL,2487,685,817,316.22776601683796,0.02010600432396259,0.5179465347842944,0.2791049002781747,0.345292526076571
congelada,BEGGJ,2984,725,974,1000.0,0.5774716603923741,0.7887358301961878,0.556105916792927,0.5259429737571499
congelada,BLMSL,3098,711,815,100.0,0.7722285667089974,0.8815445521697328,0.773204555882486,0.8222978656206502
congelada,BLNJL,1999,613,821,3.1622776601683795,0.5745184235366323,0.787255624386528,0.615686852363122,0.6671525730935153
congelada,BRAGJ,2961,719,977,0.001,0.9542158073100835,0.9769464696034508,0.9347753821089787,0.8857928629511855
congelada,CALMX,2188,558,618,1000.0,0.010899217540088824,0.503959672466549,0.3143748888181378,0.39129295321777247
congelada,CDCHD,2825,695,964,0.001,0.5259272179747224,0.7626696823174226,0.6015197754549171,0.7432355891130319
congelada,CDFHD,2848,701,968,100.0,0.4905985788691025,0.7444786553759086,0.5935094880316719,0.6955667962432668
congelada,CEYGJ,2987,727,975,100.0,0.9457713457778264,0.9714595550641805,0.9382352695276431,0.920222070305657
congelada,CHAMC,2177,695,914,100.0,0.29734932949743453,0.6483298928215553,0.4524545765088108,0.5176947352597617
congelada,CHPMX,3102,728,900,0.001,-28509.24054505006,-236.94589326307624,-19.551632559748754,-37.500803110121176
congelada,CHPNR,2430,505,759,0.001,0.5564825280183581,0.778097097008508,0.6255371740587923,0.6817804668803739
congelada,CL1HD,2848,701,968,31.622776601683793,0.5280705971059665,0.7640071888177061,0.6090291912927559,0.7032443182466215
congelada,CMNMC,2855,356,690,10.0,0.6974803251396589,0.85050491249336,0.7167440470324669,0.8455641702226799
congelada,CPEHD,2827,696,969,1000.0,0.039689959529559116,0.519844979764779,0.20588029445606537,-0.5064544127842692
congelada,CRDMR,2345,671,549,0.001,0.6436841408567298,0.8215748998832749,-0.03298395512781527,-0.06295089397229736
congelada,CSTGJ,3552,722,975,0.001,-0.19086600508384421,0.40455872473945753,0.1760766373428927,0.29957847394336656
congelada,CSTHD,2853,703,967,0.001,0.7945381784763882,0.8971185807535182,0.8008197346659601,0.8468914281609892
congelada,CUAMR,2852,674,724,1000.0,-0.8851924940093014,-0.0031795609403522107,-0.06466816188749691,-0.2666860564431084
congelada,CVAHD,2848,700,967,1000.0,0.7948171739007128,0.8915430530547072,0.7443133042691881,0.6800934850181708
congelada,CXTJL,2223,543,655,0.001,-0.3728136351743032,0.29264003226877333,0.07382485885775536,-0.032264408133364286
congelada,CXXMR,2255,670,544,1000.0,0.5564649082433824,0.7750479640053103,-0.17329318232549196,0.016839004909272814
congelada,CYUGJ,2985,706,975,1000.0,0.8776703778066837,0.9349687760419085,0.857444314885921,0.8206431229713943
congelada,ECBGJ,2981,722,977,1000.0,0.049762014722374626,0.5158998008967929,0.27593764529590803,0.1525245398841979
congelada,ECHGJ,3544,719,976,0.001,0.15074456506753398,0.5763892557599712,0.10127168933610387,-0.034878344219287705
congelada,EGIMC,3593,726,590,0.001,0.9168818109940848,0.9582851575666033,-0.004008053360808894,-0.005848580366163647
congelada,EMOMX,2888,711,899,1000.0,-931.9377966976261,-28.545293063989913,-85.58171793183558,-7.3125374465573945
congelada,ESTMR,2171,670,514,0.001,0.9005334218534845,0.9500952264467171,-3.1635952818893616,-0.032334582857855176
congelada,GANSL,2723,727,449,100.0,0.9855683187956996,0.9875870652519604,0.9809027891345986,0.9284420963126983
congelada,IXCMX,2317,584,652,31.622776601683793,0.9431188115645859,0.9711494943944237,0.9438416106992475,0.953710066825117
congelada,JMANR,2683,713,800,316.22776601683796,0.5009720034147507,0.7496032737799452,0.604250773047089,0.642151545163556
congelada,K27MX,3368,703,589,0.001,0.22601497002328685,0.6104572209116224,0.3914494256036074,0.5771029341717633
congelada,LADGJ,3539,724,976,0.001,0.6003046464260114,0.7954154282336229,0.6596141447988049,0.750148604876698
congelada,LAYMX,2035,573,705,10.0,0.72594381087503,0.8623865390251484,0.6764361348165313,0.7475237395491212
congelada,LESNR,1849,599,673,0.001,0.2814788746315503,0.6327001499560223,0.4100255040129771,0.4356911071736994
congelada,LPNMC,2888,554,505,316.22776601683796,0.9267179404745078,0.9046006086712398,0.28710894307264057,0.3032801177429916
congelada,LPSMC,2754,611,843,0.001,-0.20775052089497503,0.3974437945929612,0.22663579158825176,0.28682375190768716
congelada,LPZMC,2603,377,523,0.001,-5.813503794458684,-0.8565282965563681,-1.340302380782525,0.11685510523093301
congelada,LSRTP,3119,727,865,316.22776601683796,-10.186452476621735,-1.577682907200105,-1.4409806739359587,0.05742160594445089
congelada,MBLMX,2872,691,866,1000.0,-0.40502376249431804,0.3038528917613532,0.17731797321145149,0.1964443307181708
congelada,MGSTP,3253,724,835,0.001,0.4293939401550285,0.7115889411283001,0.5082594789047189,0.6496952902888052
congelada,OBSMX,2808,705,907,0.001,-1.002265838164587,-0.0011329190822941815,-0.2611587905957826,-7.875415399982755
congelada,OLVVC,3508,722,810,0.001,0.823666957359115,0.9113718473136616,0.8644167698996053,0.9197617198171559
congelada,PERGJ,3561,724,975,0.001,0.6919464557678163,0.8466512424358411,0.6753617932296663,0.6551011093658848
congelada,PERMR,2279,671,533,0.001,0.12495742079456285,0.5686954815144611,0.021226139737867578,-0.09299838844399866
congelada,PSNVC,3127,718,739,0.001,0.6431601328765035,0.8221057986608553,0.6660962691708565,0.6974976240837136
congelada,RFRTP,3388,726,868,100.0,0.13480210055277708,0.5672853920865468,0.2580467830534924,0.5213278370909581
congelada,ROMNR,2660,589,654,1000.0,0.03097616064848041,0.5134895076161341,0.3049982594269789,0.30779930379409204
congelada,RQTSL,3496,723,560,0.001,0.651937847623228,0.8161336090426734,-0.07808143588335703,-0.336473478523057
congelada,RSTHD,2841,698,965,0.001,0.22348396858982267,0.6107946905877807,0.3796454152140364,0.5545228081552046
congelada,RTTHD,2776,693,914,0.001,0.6950363280899334,0.8469635120759899,0.04612483643098031,-0.0064281726720123444
congelada,SAUJL,2872,700,870,0.001,-1.0031503952897203,-0.0015758276317603404,-0.0492910229502328,-0.4835181564987825
congelada,SB2MX,1913,572,626,0.001,0.94796735056565,0.9738840409713135,0.7824599962013629,0.7840825427994474
congelada,SBNTP,3336,721,855,10.0,0.21592342156822908,0.6088102067356566,0.3194537801479205,0.5884807184169003
congelada,SCRJL,2721,596,747,100.0,0.5856078387389012,0.7896747531413317,0.632295891291344,0.6317817656891935
congelada,SCRMC,2088,518,836,0.001,0.9005613860649307,0.9465167333589322,0.9005421572840431,0.888743776339644
congelada,SGBTP,3419,719,866,0.001,0.22421145648064256,0.6121061749068286,0.3625647918864334,0.5718348308957614
congelada,SGRJL,2251,591,785,10.0,0.7782962137084125,0.8890434810286656,0.7845440014256041,0.8590535921032958
congelada,SL2GJ,2490,717,975,316.22776601683796,-242.77207249080504,-13.664064019369922,-79.44555670350276,-7.042353218735554
congelada,SLAMX,3122,729,905,0.001,-2.395820469215805,-0.15098230300579285,0.32971200889998,0.29728610295988755
congelada,SLCGJ,2887,723,972,0.001,-0.7194963554872766,0.14025182225636224,0.08125542902632266,-0.010350172164497184
congelada,SLMGJ,3555,726,975,10.0,0.7870991437719699,0.8918455293418877,0.8014431483040153,0.8599633574794484
congelada,SLVGJ,3592,725,976,0.001,0.9301307488739691,0.9648430400562442,-0.02290258862086403,-0.04454073760463295
congelada,SMLMX,2208,585,654,0.001,-81.77013241141552,-7.1771146047338,-16.54022124290485,-2.3214699866938306
congelada,STRSL,3349,688,860,0.001,0.5737263925798003,0.7848444606149891,0.6251113439636937,0.7378959598524213
congelada,SVTSL,2358,611,724,0.001,0.6876509384665002,0.8456649026214536,0.698244237117575,0.7181454212255574
congelada,TBLSL,3164,613,558,0.001,-0.8525391440548056,0.0764544806476668,-0.1357654060257747,-0.06649122808965746
congelada,TEMMR,2206,669,660,0.001,-216.0318672447934,-12.773247086716156,-0.39205803253304095,-0.5015701563850383
congelada,TESMX,2116,569,504,0.001,-2592.1191747651405,-48.93952586170092,-1001.5962728495549,-29.752653763973637
congelada,TICMR,2265,660,612,1000.0,0.10814841774754458,0.5555689423563812,0.24795298816272637,0.17687669801016326
congelada,TJCMX,2119,542,599,1.0,-0.02335121757268821,0.4975977013206664,0.29266326801650455,0.4156509097246833
congelada,TLAMC,2556,681,908,0.001,0.4527069887265318,0.7262496433952835,0.5051994088168499,0.7082677037187837
congelada,TMPVC,3282,722,864,0.001,0.6986281830771978,0.8503394932775823,0.7719041143561913,0.8043463355979258
congelada,TMSTP,2564,714,321,0.001,0.8885281144082056,0.9441044810359132,0.890484214905657,0.88430687592067
congelada,TMTSL,3031,724,170,0.001,0.38266994439832935,0.5054648851512393,-6.110573376946584,0.16172201817308296
congelada,TROMX,2257,555,663,0.001,-3388.946452002191,-56.2121784101359,-644.2147648352653,-23.342978797702475
congelada,TTLMX,3118,698,902,0.001,-1.0159704468924038,-0.008633309643431009,-0.4553758991759973,-0.2863988640019761
congelada,XICMR,2254,673,668,0.001,0.2437659701257664,0.6229863826769372,0.008444179453980682,-0.25933626414649447
congelada,YAHMR,2685,672,658,0.001,-0.033387465939569205,0.46441540785527846,-5.041427690843282,-2.862097304554644
congelada,YURMC,3235,631,777,0.001,0.6153863551582895,0.8075636328309119,0.6632688605358563,0.6981607917417587
congelada,ZCTMR,2597,672,750,0.001,0.6811143218779929,0.5447385106041371,0.0004968732380358221,-0.33158197483942375
congelada,ZULJL,3500,719,890,0.001,0.8881696001808523,0.9413207976838773,0.8920396184388609,0.8862557286707606
sin_outliers_en_predictores,ACEHD,2839,699,968,0.001,0.31654919378198265,0.6582745968909934,0.39322303675788217,-1.2110498560759253
sin_outliers_en_predictores,ACSGJ,2376,720,977,31.622776601683793,0.17761497969069606,0.5887757383967005,0.34154899391043836,0.49532156290713003
sin_outliers_en_predictores,ADUMC,2091,692,913,0.001,0.912218071997929,0.9559898016489777,0.9032144303796624,0.8839666034499564
sin_outliers_en_predictores,AHLTP,2288,715,878,31.622776601683793,0.5906586959448041,0.7962463022524462,0.6567899752279704,0.7450395024429237
sin_outliers_en_predictores,AJJJL,2231,656,817,1000.0,0.6425280178499715,0.8206613810324422,0.6850289173210831,0.6715179071090913
sin_outliers_en_predictores,ALUMR,2336,673,684,0.001,-0.09067165238756214,0.454625181241168,-0.05016273824335027,-0.28375141275546034
sin_outliers_en_predictores,AMCGJ,3566,718,974,0.001,0.16116165220446887,0.5784178551254087,0.3557389016170095,0.4242180705709524
sin_outliers_en_predictores,AMCMR,2345,671,650,100.0,0.1522134844390326,0.5755711528960614,0.3138870821873361,0.42111251661068216
sin_outliers_en_predictores,ANSGJ,3299,619,919,0.001,0.8023192145094427,0.9009930563751064,0.8039331510220149,0.8482977276244955
sin_outliers_en_predictores,ARBMX,3043,726,871,0.001,-1.0483867992454545,-0.025375923773310216,-5.411152400154359,-0.23996616713769026
sin_outliers_en_predictores,ARSHD,2853,702,963,100.0,0.5166652020464773,0.7577101518861236,0.5979904230312931,0.7075211010716245
sin_outliers_en_predictores,ATCHD,2147,501,708,31.622776601683793,0.7564361104559639,0.878997734703138,0.7110442410542395,0.6603397252443458
sin_outliers_en_predictores,ATEJL,3103,257,674,0.001,-0.6830868705323079,0.15165748044255345,-2.612301148329643,-0.4185358616383583
sin_outliers_en_predictores,ATOMX,2136,570,667,0.001,0.908442575903984,0.9536204190227631,0.8506500044005065,0.8467049357379127
sin_outliers_en_predictores,ATQJL,2019,591,681,0.001,0.6164905340704958,0.8072777461369348,0.647047017758427,0.7774538424850068
sin_outliers_en_predictores,BCSJL,2487,685,817,316.22776601683796,0.02010600432396259,0.5179465347842944,0.2791049002781747,0.345292526076571
sin_outliers_en_predictores,BEGGJ,2984,725,974,1000.0,0.5774716603923741,0.7887358301961878,0.556105916792927,0.5259429737571499
sin_outliers_en_predictores,BLMSL,3098,711,815,100.0,0.7722285667089974,0.8815445521697328,0.773204555882486,0.8222978656206502
sin_outliers_en_predictores,BLNJL,1999,613,821,3.1622776601683795,0.5745184235366323,0.787255624386528,0.615686852363122,0.6671525730935153
sin_outliers_en_predictores,BRAGJ,2933,719,977,1.0,0.9542158073100835,0.9769464696034508,0.9549526047905983,0.9527949290730963
sin_outliers_en_predictores,CALMX,2188,558,618,1000.0,0.010899217540088824,0.503959672466549,0.3143748888181378,0.39129295321777247
sin_outliers_en_predictores,CDCHD,2825,695,964,0.001,0.5259272179747224,0.7626696823174226,0.6015197754549171,0.7432355891130319
sin_outliers_en_predictores,CDFHD,2848,701,968,100.0,0.4905985788691025,0.7444786553759086,0.5935094880316719,0.6955667962432668
sin_outliers_en_predictores,CEYGJ,2987,727,975,100.0,0.9457713457778264,0.9714595550641805,0.9382352695276431,0.920222070305657
sin_outliers_en_predictores,CHAMC,2177,695,914,100.0,0.29734932949743453,0.6483298928215553,0.4524545765088108,0.5176947352597617
sin_outliers_en_predictores,CHPMX,3072,728,869,0.001,-1.0023041474654377,-0.0011520737327188613,-0.09399847840814224,-7.646272106649571
sin_outliers_en_predictores,CHPNR,2430,505,759,0.001,0.5564825280183581,0.778097097008508,0.6255371740587923,0.6817804668803739
sin_outliers_en_predictores,CL1HD,2848,701,968,31.622776601683793,0.5280705971059665,0.7640071888177061,0.6090291912927559,0.7032443182466215
sin_outliers_en_predictores,CMNMC,2855,356,690,10.0,0.6974803251396589,0.85050491249336,0.7167440470324669,0.8455641702226799
sin_outliers_en_predictores,CPEHD,2827,696,969,1000.0,0.039689959529559116,0.519844979764779,0.20588029445606537,-0.5064544127842692
sin_outliers_en_predictores,CRDMR,2251,671,549,0.001,0.6436841408567298,0.8215748998832749,0.7111454631541886,0.8329200126057335
sin_outliers_en_predictores,CSTGJ,3552,722,975,0.001,-0.19086600508384421,0.40455872473945753,0.1760766373428927,0.29957847394336656
sin_outliers_en_predictores,CSTHD,2853,703,967,0.001,0.7945381784763882,0.8971185807535182,0.8008197346659601,0.8468914281609892
sin_outliers_en_predictores,CUAMR,2852,674,724,1000.0,-0.8851924940093014,-0.0031795609403522107,-0.06466816188749691,-0.2666860564431084
sin_outliers_en_predictores,CVAHD,2848,700,967,1000.0,0.7948171739007128,0.8915430530547072,0.7443133042691881,0.6800934850181708
sin_outliers_en_predictores,CXTJL,2223,543,655,0.001,-0.3728136351743032,0.29264003226877333,0.07382485885775536,-0.032264408133364286
sin_outliers_en_predictores,CXXMR,2229,643,544,100.0,0.5564649082433824,0.7750479640053103,0.35367826374378075,0.38210906763352215
sin_outliers_en_predictores,CYUGJ,2985,678,975,100.0,0.8776703778066837,0.9349687760419085,0.8848551516459705,0.8966625884563206
sin_outliers_en_predictores,ECBGJ,2981,722,977,1000.0,0.049762014722374626,0.5158998008967929,0.27593764529590803,0.1525245398841979
sin_outliers_en_predictores,ECHGJ,3513,719,976,1000.0,0.15074456506753398,0.5763892557599712,0.3701886119698298,0.382575450321441
sin_outliers_en_predictores,EGIMC,3562,726,590,0.001,0.9168818109940848,0.9582851575666033,0.9232212001082472,0.9271684045224289
sin_outliers_en_predictores,EMOMX,2888,711,868,1000.0,-0.9882138541983172,0.005878322674485181,-0.0930330869598952,-0.20899867921434967
sin_outliers_en_predictores,ESTMR,2113,670,514,0.001,0.9005334218534845,0.9500952264467171,-1.5729561134559162,0.2019842954523715
sin_outliers_en_predictores,GANSL,2723,727,449,100.0,0.9855683187956996,0.9875870652519604,0.9809027891345986,0.9284420963126983
sin_outliers_en_predictores,IXCMX,2317,584,652,31.622776601683793,0.9431188115645859,0.9711494943944237,0.9438416106992475,0.953710066825117
sin_outliers_en_predictores,JMANR,2683,713,800,316.22776601683796,0.5009720034147507,0.7496032737799452,0.604250773047089,0.642151545163556
sin_outliers_en_predictores,K27MX,3361,703,589,0.001,0.22601497002328685,0.6104572209116224,0.41032303365558964,0.5844233263622292
sin_outliers_en_predictores,LADGJ,3539,724,976,0.001,0.6003046464260114,0.7954154282336229,0.6596141447988049,0.750148604876698
sin_outliers_en_predictores,LAYMX,2017,573,705,10.0,0.72594381087503,0.8623865390251484,0.7740727259415199,0.8369818292582784
sin_outliers_en_predictores,LESNR,1849,599,673,0.001,0.2814788746315503,0.6327001499560223,0.4100255040129771,0.4356911071736994
sin_outliers_en_predictores,LPNMC,2859,554,501,0.001,0.9327628330816412,0.8832550464768807,0.6794983165780548,0.4645778475338489
sin_outliers_en_predictores,LPSMC,2754,611,843,0.001,-0.20775052089497503,0.3974437945929612,0.22663579158825176,0.28682375190768716
sin_outliers_en_predictores,LPZMC,2603,377,492,0.001,-0.014583799154328947,0.491489033477569,0.32987659445312734,0.508972279071163
sin_outliers_en_predictores,LSRTP,3119,727,834,316.22776601683796,0.5275047642831323,0.7644175758294391,0.518035794865948,0.4659614907179288
sin_outliers_en_predictores,MBLMX,2872,691,866,1000.0,-0.40502376249431804,0.3038528917613532,0.17731797321145149,0.1964443307181708
sin_outliers_en_predictores,MGSTP,3253,724,835,0.001,0.4293939401550285,0.7115889411283001,0.5082594789047189,0.6496952902888052
sin_outliers_en_predictores,OBSMX,2808,705,907,0.001,-1.002265838164587,-0.0011329190822941815,-0.2611587905957826,-7.875415399982755
sin_outliers_en_predictores,OLVVC,3508,722,810,0.001,0.823666957359115,0.9113718473136616,0.8644167698996053,0.9197617198171559
sin_outliers_en_predictores,PERGJ,3561,724,975,0.001,0.6919464557678163,0.8466512424358411,0.6753617932296663,0.6551011093658848
sin_outliers_en_predictores,PERMR,2198,671,533,0.001,0.12495742079456285,0.5686954815144611,0.38269775495510217,0.4760567430581344
sin_outliers_en_predictores,PSNVC,3127,718,739,0.001,0.6431601328765035,0.8221057986608553,0.6660962691708565,0.6974976240837136
sin_outliers_en_predictores,RFRTP,3388,726,868,100.0,0.13480210055277708,0.5672853920865468,0.2580467830534924,0.5213278370909581
sin_outliers_en_predictores,ROMNR,2660,589,654,1000.0,0.03097616064848041,0.5134895076161341,0.3049982594269789,0.30779930379409204
sin_outliers_en_predictores,RQTSL,3469,723,560,0.001,0.651937847623228,0.8161336090426734,0.6515827171747127,0.695864739556562
sin_outliers_en_predictores,RSTHD,2841,698,965,0.001,0.22348396858982267,0.6107946905877807,0.3796454152140364,0.5545228081552046
sin_outliers_en_predictores,RTTHD,2747,693,914,0.001,0.6950363280899334,0.8469635120759899,0.7151684307711692,0.829909290784578
sin_outliers_en_predictores,SAUJL,2872,700,870,0.001,-1.0031503952897203,-0.0015758276317603404,-0.0492910229502328,-0.4835181564987825
sin_outliers_en_predictores,SB2MX,1892,572,626,0.001,0.94796735056565,0.9738840409713135,0.9480977819643751,0.942733383899423
sin_outliers_en_predictores,SBNTP,3336,721,855,10.0,0.21592342156822908,0.6088102067356566,0.3194537801479205,0.5884807184169003
sin_outliers_en_predictores,SCRJL,2698,596,747,3.1622776601683795,0.5856078387389012,0.7896747531413317,0.6804090615833036,0.723050246117459
sin_outliers_en_predictores,SCRMC,2088,518,836,0.001,0.9005613860649307,0.9465167333589322,0.9005421572840431,0.888743776339644
sin_outliers_en_predictores,SGBTP,3389,719,866,0.001,0.22421145648064256,0.6121061749068286,0.36195964794752056,0.5744846178987251
sin_outliers_en_predictores,SGRJL,2251,591,785,10.0,0.7782962137084125,0.8890434810286656,0.7845440014256041,0.8590535921032958
sin_outliers_en_predictores,SL2GJ,2490,717,944,316.22776601683796,0.8034949453525542,0.9018296395793707,0.805225452645507,0.8000352023129722
sin_outliers_en_predictores,SLAMX,3092,729,874,0.001,0.4530151986862737,0.7264596461521475,0.5570989807964519,0.6236366149012119
sin_outliers_en_predictores,SLCGJ,2887,723,972,0.001,-0.7194963554872766,0.14025182225636224,0.08125542902632266,-0.010350172164497184
sin_outliers_en_predictores,SLMGJ,3555,726,975,10.0,0.7870991437719699,0.8918455293418877,0.8014431483040153,0.8599633574794484
sin_outliers_en_predictores,SLVGJ,3561,725,976,31.622776601683793,0.9301307488739691,0.9648430400562442,0.927835596744938,0.9232127835973141
sin_outliers_en_predictores,SMLMX,2208,585,603,0.001,0.9375898847566736,0.9684971328984079,0.8980057215696678,0.8217828746025557
sin_outliers_en_predictores,STRSL,3349,688,860,0.001,0.5737263925798003,0.7848444606149891,0.6251113439636937,0.7378959598524213
sin_outliers_en_predictores,SVTSL,2358,611,724,0.001,0.6876509384665002,0.8456649026214536,0.698244237117575,0.7181454212255574
sin_outliers_en_predictores,TBLSL,3104,613,558,0.001,-0.8525391440548056,0.0764544806476668,-0.32465244826606576,0.04781196309006264
sin_outliers_en_predictores,TEMMR,2148,669,611,0.001,0.3268875927554217,0.6630939544723453,0.515333100335203,0.5693757131950699
sin_outliers_en_predictores,TESMX,2116,569,443,0.001,0.6501164574588394,0.825386699261131,0.7135597320241589,0.8150415816851515
sin_outliers_en_predictores,TICMR,2265,660,612,1000.0,0.10814841774754458,0.5555689423563812,0.24795298816272637,0.17687669801016326
sin_outliers_en_predictores,TJCMX,2119,542,599,1.0,-0.02335121757268821,0.4975977013206664,0.29266326801650455,0.4156509097246833
sin_outliers_en_predictores,TLAMC,2556,681,908,0.001,0.4527069887265318,0.7262496433952835,0.5051994088168499,0.7082677037187837
sin_outliers_en_predictores,TMPVC,3282,722,864,0.001,0.6986281830771978,0.8503394932775823,0.7719041143561913,0.8043463355979258
sin_outliers_en_predictores,TMSTP,2564,714,321,0.001,0.8885281144082056,0.9441044810359132,0.890484214905657,0.88430687592067
sin_outliers_en_predictores,TMTSL,3000,724,170,0.001,0.38266994439832935,0.5054648851512393,-0.5507230836275361,0.3529642056113408
sin_outliers_en_predictores,TROMX,2257,555,618,0.001,0.9503955399114222,0.9749982923505083,0.6520410904389361,0.5868770483940485
sin_outliers_en_predictores,TTLMX,3118,698,902,0.001,-1.0159704468924038,-0.008633309643431009,-0.4553758991759973,-0.2863988640019761
sin_outliers_en_predictores,XICMR,2227,673,668,100.0,0.2437659701257664,0.6229863826769372,0.42041704194333196,0.5725186598209642
sin_outliers_en_predictores,YAHMR,2685,672,658,0.001,-0.033387465939569205,0.46441540785527846,-5.041427690843282,-2.862097304554644
sin_outliers_en_predictores,YURMC,3212,631,777,0.001,0.6153863551582895,0.8075636328309119,0.6743002312578446,0.7913870354212047
sin_outliers_en_predictores,ZCTMR,2567,672,750,1000.0,0.6811143218779929,0.5447385106041371,-0.49177256951624204,-0.13924695848488966
sin_outliers_en_predictores,ZULJL,3500,719,890,0.001,0.8881696001808523,0.9413207976838773,0.8920396184388609,0.8862557286707606
