tipo,ambito,calidad,n,pct
hidrometricas,filas_con_valor,0,5899726,97.86491956954687
hidrometricas,filas_con_valor,1,128195,2.1265044112587708
hidrometricas,filas_con_valor,2,517,0.008576019194358471
hidrometricas,filas_con_valor_2010_2025,0,870114,93.11987773998771
hidrometricas,filas_con_valor_2010_2025,1,64095,6.859467338468882
hidrometricas,filas_con_valor_2010_2025,2,193,0.02065492154340423
hidrometricas,todas_las_filas,0,10466046,98.78513506396276
hidrometricas,todas_las_filas,1,128195,1.20998516436147
hidrometricas,todas_las_filas,2,517,0.0048797716757664495
climatologicas,filas_con_valor,0,36188342,98.48573490284531
climatologicas,filas_con_valor,1,556208,1.5137071944009424
climatologicas,filas_con_valor,2,205,0.0005579027537399555
climatologicas,filas_con_valor_2010_2025,0,6532087,96.13392814305338
climatologicas,filas_con_valor_2010_2025,1,262642,3.8653507149166613
climatologicas,filas_con_valor_2010_2025,2,49,0.0007211420299530021
climatologicas,todas_las_filas,0,55034053,98.99908556262147
climatologicas,todas_las_filas,1,556208,1.0005456691080805
climatologicas,todas_las_filas,2,205,0.0003687682704440722
