clave_estacion,fecha,variable,valor,limite_violado,calidad
ACHZC,2004-11-17,tmin_c,55.0,> 50,0
C01024,2020-02-29,tmax_c,-99999.0,< -30,0
C01024,2020-02-29,tmed_c,-49996.5,< -40,0
C09032,2017-04-30,tmax_c,-99999.0,< -30,0
C09032,2017-04-30,tmed_c,-49998.0,< -40,0
C09032,2018-04-30,tmax_c,-99999.0,< -30,0
C09032,2018-04-30,tmed_c,-49994.0,< -40,0
C09032,2018-05-31,tmax_c,-99999.0,< -30,0
C09032,2018-05-31,tmed_c,-49994.0,< -40,0
C09032,2018-06-30,tmax_c,-99999.0,< -30,0
C09032,2018-06-30,tmed_c,-49995.5,< -40,0
C09032,2018-07-31,tmax_c,-99999.0,< -30,0
C09032,2018-07-31,tmed_c,-49993.5,< -40,0
C09032,2018-08-31,tmax_c,-99999.0,< -30,0
C09032,2018-08-31,tmed_c,-49995.0,< -40,0
LANMC,2021-06-09,tmed_c,100.15,> 55,0
LANMC,2021-06-09,tmin_c,165.0,> 50,0
MDRTP,2021-11-27,tmed_c,103.5,> 55,0
MDRTP,2021-11-27,tmin_c,178.0,> 50,0
OBSMX,2006-10-14,tmin_c,51.0,> 50,0
OBSQT,2002-02-04,evap_mm,-7.0,< 0,0
PBTMX,2007-08-23,tmin_c,50.69,> 50,0
STEZC,2006-05-05,tmin_c,55.0,> 50,0
VJZAG,2020-11-18,tmin_c,54.0,> 50,0
