tipo,etapa,n
hidrometricas,catalogo_maestro,1189
hidrometricas,candidatas_region_12_18_26,550
hidrometricas,archivo_descargado,547
hidrometricas,archivo_legible,547
hidrometricas,con_dato_2010_2025,325
hidrometricas,cobertura_ge_0.6,101
hidrometricas,dentro_de_algun_bbox,95
hidrometricas,filas_estacion_unidad,125
hidrometricas,estaciones_en_2_o_mas_unidades,23
hidrometricas,poligonos_publicados,123
hidrometricas,estaciones_con_al_menos_un_poligono,94
climatologicas,catalogo_maestro,7499
climatologicas,candidatas_region_12_18_26,2731
climatologicas,archivo_descargado,2659
climatologicas,archivo_legible,2659
climatologicas,con_dato_2010_2025,1899
climatologicas,cobertura_ge_0.8,415
