clave_estacion,unidades,n_poligonos,regla,unidad_conservada,toca_bbox_conservado,detalle
ATOMX,Cutzamala;Lerma Alto;Panuco,3,2_region,Lerma Alto,False,Cutzamala: toca=False d=27341.4 m RH=18 área=0.90 km²; Lerma Alto: toca=False d=16909.1 m RH=12 área=20.52 km²; Panuco: toca=False d=60205.3 m RH=26 área=0.91 km²
CALMX,Cutzamala;Lerma Alto;Panuco,3,1_borde_bbox,Lerma Alto,False,Cutzamala: toca=True d=13.4 m RH=18 área=101.07 km²; Lerma Alto: toca=False d=6330.0 m RH=12 área=12.71 km²; Panuco: toca=True d=13.4 m RH=26 área=2926.75 km²
IXCMX,Cutzamala;Lerma Alto;Panuco,3,2_region,Lerma Alto,False,Cutzamala: toca=False d=11084.3 m RH=18 área=23.55 km²; Lerma Alto: toca=False d=30522.4 m RH=12 área=7.26 km²; Panuco: toca=False d=73449.1 m RH=26 área=23.19 km²
LAYMX,Cutzamala;Lerma Alto;Panuco,3,1_borde_bbox+3_area,Cutzamala,False,Cutzamala: toca=False d=16304.4 m RH=18 área=3.52 km²; Lerma Alto: toca=True d=13.4 m RH=12 área=33.00 km²; Panuco: toca=False d=55361.1 m RH=26 área=3.23 km²
SB2MX,Cutzamala;Lerma Alto;Panuco,3,2_region,Lerma Alto,False,Cutzamala: toca=False d=8705.5 m RH=18 área=111.47 km²; Lerma Alto: toca=False d=8821.6 m RH=12 área=61.28 km²; Panuco: toca=False d=61952.9 m RH=26 área=111.55 km²
SMLMX,Cutzamala;Lerma Alto;Panuco,3,2_region,Lerma Alto,False,Cutzamala: toca=False d=7323.3 m RH=18 área=14.14 km²; Lerma Alto: toca=False d=38903.2 m RH=12 área=2.72 km²; Panuco: toca=False d=80039.8 m RH=26 área=14.14 km²
TROMX,Cutzamala;Lerma Alto;Panuco,3,2_region,Lerma Alto,False,Cutzamala: toca=False d=711.5 m RH=18 área=17.59 km²; Lerma Alto: toca=False d=653.3 m RH=12 área=18.80 km²; Panuco: toca=False d=57783.2 m RH=26 área=20.44 km²
AMCGJ,Bajio;Panuco,2,2_region,Bajio,True,Bajio: toca=True d=13.3 m RH=12 área=23.31 km²; Panuco: toca=True d=13.2 m RH=26 área=15966.10 km²
ATEJL,Bajio;Santiago,2,3_area,Bajio,False,Bajio: toca=False d=79492.0 m RH=12 área=4.41 km²; Santiago: toca=False d=24319.1 m RH=12 área=1.01 km²
CHPMX,Panuco;Alta del Balsas,2,2_region,Panuco,False,Panuco: toca=False d=64374.9 m RH=26 área=1.21 km²; Alta del Balsas: toca=False d=1913.6 m RH=18 área=5.75 km²
CXTJL,Bajio;Santiago,2,3_area,Santiago,False,Bajio: toca=False d=4843.4 m RH=12 área=0.02 km²; Santiago: toca=False d=214.4 m RH=12 área=72.61 km²
EGIMC,Lerma Alto;Panuco,2,2_region,Lerma Alto,False,Lerma Alto: toca=False d=3092.3 m RH=12 área=1.34 km²; Panuco: toca=False d=26061.2 m RH=26 área=9.45 km²
EMOMX,Panuco;Alta del Balsas,2,2_region,Panuco,False,Panuco: toca=False d=60174.7 m RH=26 área=37.59 km²; Alta del Balsas: toca=False d=4580.9 m RH=18 área=0.24 km²
MBLMX,Panuco;Alta del Balsas,2,2_region,Panuco,False,Panuco: toca=False d=63424.5 m RH=26 área=3.29 km²; Alta del Balsas: toca=False d=2373.5 m RH=18 área=0.23 km²
SCRJL,Bajio;Santiago,2,1_borde_bbox,Bajio,False,Bajio: toca=False d=418.3 m RH=12 área=125.25 km²; Santiago: toca=True d=13.2 m RH=12 área=22.30 km²
SGRJL,Bajio;Santiago,2,1_borde_bbox,Bajio,False,Bajio: toca=False d=7302.0 m RH=12 área=13.70 km²; Santiago: toca=True d=13.2 m RH=12 área=50.40 km²
SL2GJ,Bajio;Panuco,2,2_region,Bajio,True,Bajio: toca=True d=13.3 m RH=12 área=42.24 km²; Panuco: toca=True d=13.3 m RH=26 área=6987.73 km²
SLAMX,Panuco;Alta del Balsas,2,2_region,Panuco,False,Panuco: toca=False d=31872.3 m RH=26 área=1.09 km²; Alta del Balsas: toca=False d=33864.2 m RH=18 área=0.24 km²
SLCGJ,Bajio;Panuco,2,1_borde_bbox,Panuco,False,Bajio: toca=True d=13.3 m RH=12 área=10.72 km²; Panuco: toca=False d=2853.0 m RH=26 área=0.87 km²
TESMX,Cutzamala;Panuco,2,3_area,Cutzamala,False,Cutzamala: toca=False d=56269.3 m RH=18 área=3.14 km²; Panuco: toca=False d=2732.9 m RH=26 área=2.82 km²
TJCMX,Lerma Alto;Panuco,2,2_region,Panuco,False,Lerma Alto: toca=False d=15533.8 m RH=12 área=1.77 km²; Panuco: toca=False d=82942.3 m RH=26 área=0.04 km²
TTLMX,Panuco;Alta del Balsas,2,2_region,Panuco,False,Panuco: toca=False d=58580.4 m RH=26 área=115.68 km²; Alta del Balsas: toca=False d=4182.3 m RH=18 área=86.73 km²
ACEHD,Panuco,1,unica,Panuco,False,
ACSGJ,Bajio,1,unica,Bajio,False,
ADUMC,Bajio,1,unica,Bajio,False,
AHLTP,Panuco,1,unica,Panuco,False,
AJJJL,Santiago,1,unica,Santiago,True,
ALUMR,Alta del Balsas,1,unica,Alta del Balsas,False,
AMCMR,Alta del Balsas,1,unica,Alta del Balsas,False,
ANSGJ,Bajio,1,unica,Bajio,False,
ARBMX,Panuco,1,unica,Panuco,False,
ARSHD,Panuco,1,unica,Panuco,False,
ATCHD,Panuco,1,unica,Panuco,False,
ATQJL,Bajio,1,unica,Bajio,False,
BCSJL,Santiago,1,unica,Santiago,False,
BEGGJ,Bajio,1,unica,Bajio,False,
BLMSL,Panuco,1,unica,Panuco,False,
BLNJL,Santiago,1,unica,Santiago,False,
CAPNR,Santiago,1,unica,Santiago,False,
CDCHD,Panuco,1,unica,Panuco,False,
CDFHD,Panuco,1,unica,Panuco,False,
CEYGJ,Bajio,1,unica,Bajio,False,
CHPNR,Santiago,1,unica,Santiago,False,
CL1HD,Panuco,1,unica,Panuco,False,
CPEHD,Panuco,1,unica,Panuco,False,
CRDMR,Alta del Balsas,1,unica,Alta del Balsas,False,
CSTGJ,Bajio,1,unica,Bajio,False,
CSTHD,Panuco,1,unica,Panuco,False,
CUAMR,Alta del Balsas,1,unica,Alta del Balsas,False,
CVAHD,Panuco,1,unica,Panuco,False,
CXXMR,Alta del Balsas,1,unica,Alta del Balsas,False,
CYUGJ,Bajio,1,unica,Bajio,False,
ECBGJ,Bajio,1,unica,Bajio,False,
ECHGJ,Bajio,1,unica,Bajio,False,
ESTMR,Alta del Balsas,1,unica,Alta del Balsas,True,
GANSL,Panuco,1,unica,Panuco,False,
GDLMX,Panuco,1,unica,Panuco,True,
JMANR,Santiago,1,unica,Santiago,False,
K27MX,Panuco,1,unica,Panuco,False,
LADGJ,Bajio,1,unica,Bajio,False,
LESNR,Santiago,1,unica,Santiago,False,
LSRTP,Panuco,1,unica,Panuco,False,
MGSTP,Panuco,1,unica,Panuco,False,
OBSMX,Panuco,1,unica,Panuco,False,
OLVVC,Panuco,1,unica,Panuco,False,
PERGJ,Bajio,1,unica,Bajio,True,
PERMR,Alta del Balsas,1,unica,Alta del Balsas,False,
PSNVC,Panuco,1,unica,Panuco,False,
PUJSL,Panuco,1,unica,Panuco,False,
RFRTP,Panuco,1,unica,Panuco,False,
ROMNR,Santiago,1,unica,Santiago,False,
RQTSL,Panuco,1,unica,Panuco,True,
RSTHD,Panuco,1,unica,Panuco,False,
RTTHD,Panuco,1,unica,Panuco,False,
SAUJL,Bajio,1,unica,Bajio,True,
SBNTP,Panuco,1,unica,Panuco,False,
SCRMC,Bajio,1,unica,Bajio,False,
SGBTP,Panuco,1,unica,Panuco,False,
SLMGJ,Bajio,1,unica,Bajio,False,
SLVGJ,Bajio,1,unica,Bajio,False,
SRSJL,Santiago,1,unica,Santiago,False,
STRSL,Panuco,1,unica,Panuco,False,
SVTSL,Panuco,1,unica,Panuco,True,
TBLSL,Panuco,1,unica,Panuco,False,
TEMMR,Alta del Balsas,1,unica,Alta del Balsas,False,
TICMR,Alta del Balsas,1,unica,Alta del Balsas,False,
TMPVC,Panuco,1,unica,Panuco,False,
TMSTP,Panuco,1,unica,Panuco,False,
TMTSL,Panuco,1,unica,Panuco,False,
XICMR,Alta del Balsas,1,unica,Alta del Balsas,False,
YAHMR,Alta del Balsas,1,unica,Alta del Balsas,False,
YURMC,Bajio,1,unica,Bajio,False,
ZCTMR,Alta del Balsas,1,unica,Alta del Balsas,False,
ZULJL,Bajio,1,unica,Bajio,False,
BRAGJ,Bajio;Panuco,0,sin_poligono,,,salida compartida con SL2GJ
