subconjunto,metodo,L,n_huecos,n_dias,n_dias_llenos,frac_llenado,nMAE,nRMSE,nRMSE_recorte0,sesgo_norm,tasa_sobreoscilacion,negativos
todos,lineal,1,2000.0,2000.0,2000.0,1.0,0.152381873509617,0.62859101682285,0.62859101682285,-0.009129727049240787,0.0,0.0
todos,lineal,2,2000.0,4000.0,4000.0,1.0,0.16182788265217504,0.6064839049600036,0.6064839049600036,-0.0016292418357246906,0.0,0.0
todos,lineal,3,2000.0,6000.0,6000.0,1.0,0.1643646082352068,0.5661543695637932,0.5661543695637932,-0.006730759343358244,0.0,0.0
todos,lineal,4,2000.0,8000.0,8000.0,1.0,0.16770139060038844,0.6121665189690482,0.6121665189690482,0.006850793988026202,0.0,0.0
todos,lineal,5,2000.0,10000.0,10000.0,1.0,0.19642109514497014,0.6970893542923972,0.6970893542923972,-0.007875719668751807,0.0,0.0
todos,lineal,6,2000.0,12000.0,12000.0,1.0,0.21749162223140342,0.938938435202157,0.938938435202157,0.006090502857125557,0.0,0.0
todos,lineal,7,2000.0,14000.0,14000.0,1.0,0.22412666341997511,0.9230485404040277,0.9230485404040277,-0.0017962256178978018,0.0,0.0
todos,lineal,8,2000.0,16000.0,16000.0,1.0,0.21603396200954436,0.7490336511709134,0.7490336511709134,-0.018259766717060182,0.0,0.0
todos,lineal,9,2000.0,18000.0,18000.0,1.0,0.22674142898561217,0.7115370581135764,0.7115370581135764,0.008670763758879603,0.0,0.0
todos,lineal,10,2000.0,20000.0,20000.0,1.0,0.2542967436105551,0.8496402206850497,0.8496402206850497,0.002658304877667418,0.0,0.0
todos,pchip,1,2000.0,2000.0,2000.0,1.0,0.15301651368428515,0.6402357958295912,0.6402357958295912,-0.007638436610382497,0.0,0.0
todos,pchip,2,2000.0,4000.0,4000.0,1.0,0.16043512820862094,0.614993026923904,0.614993026923904,-0.0031651690140436974,0.0,0.0
todos,pchip,3,2000.0,6000.0,6000.0,1.0,0.16216174220247523,0.5719232076127072,0.5719232076127072,-0.00808505286749978,0.0,0.0
todos,pchip,4,2000.0,8000.0,8000.0,1.0,0.16605095993019248,0.6222334109298161,0.6222334109298161,0.004418479535366373,0.0,0.0
todos,pchip,5,2000.0,10000.0,10000.0,1.0,0.1950044541624931,0.709177447476183,0.709177447476183,-0.010217427036692029,0.0,0.0
todos,pchip,6,2000.0,12000.0,12000.0,1.0,0.21406854870235822,0.953893927229168,0.953893927229168,0.0013165628781581459,0.0,0.0
todos,pchip,7,2000.0,14000.0,14000.0,1.0,0.22167797805288592,0.9339520647138324,0.9339520647138324,-0.007383375306881884,0.0,0.0
todos,pchip,8,2000.0,16000.0,16000.0,1.0,0.21412422746666498,0.7566866037591876,0.7566866037591876,-0.021137765762428182,0.0,0.0
todos,pchip,9,2000.0,18000.0,18000.0,1.0,0.22468643677293806,0.7313305567483513,0.7313305567483513,0.003423519835962841,0.0,0.0
todos,pchip,10,2000.0,20000.0,20000.0,1.0,0.2551377668686191,0.8691363340462223,0.8691363340462223,-0.0022201687373947926,0.0,0.0
todos,spline_pipeline,1,2000.0,2000.0,2000.0,1.0,0.21236686333149105,0.9380589711758323,0.7939951858037148,-0.01655150872476306,0.42,232.0
todos,spline_pipeline,2,2000.0,4000.0,4000.0,1.0,0.24806090855912685,0.9107116715760096,0.7543918983105701,-0.01966215625596159,0.467,473.0
todos,spline_pipeline,3,2000.0,6000.0,6000.0,1.0,0.3238260413642303,2.828277542869708,0.6968225417901148,-0.08855643727405306,0.49233333333333335,754.0
todos,spline_pipeline,4,2000.0,8000.0,8000.0,1.0,0.30561530948720805,1.1485859187753855,0.8719156255330875,-0.009520250607661046,0.5295,1053.0
todos,spline_pipeline,5,2000.0,10000.0,10000.0,1.0,0.3520451111514262,1.1810443967796191,1.0253913137742479,-0.010180668900692911,0.5437,1446.0
todos,spline_pipeline,6,2000.0,12000.0,12000.0,1.0,0.4717820399217527,2.990619109133928,1.4851648395415455,-0.04963210924574478,0.5588333333333333,1782.0
todos,spline_pipeline,7,2000.0,14000.0,14000.0,1.0,0.5343952848153286,2.8000119799648147,1.4710213999734985,-0.07677683405208056,0.5922142857142857,2160.0
todos,spline_pipeline,8,2000.0,16000.0,14000.0,0.875,0.49499599072265066,1.7481262694285382,1.5279473409215643,-0.006529172504255312,0.6115,2180.0
todos,spline_pipeline,9,2000.0,18000.0,14000.0,0.7777777777777778,0.5446646111200001,1.9280441448632506,1.7490469520035004,0.05978162441678607,0.5899285714285715,2232.0
todos,spline_pipeline,10,2000.0,20000.0,14000.0,0.7,0.6418571709132591,2.204876060990674,1.9301158722121288,0.09955672080362703,0.6115714285714285,2343.0
ascensos,lineal,1,204.0,204.0,204.0,1.0,0.565124318582481,1.0210633555575506,1.0210633555575506,0.12773747316839998,0.0,0.0
ascensos,lineal,2,205.0,410.0,410.0,1.0,0.5205940493652762,1.1662401435794405,1.1662401435794405,-0.02578332182080014,0.0,0.0
ascensos,lineal,3,249.0,747.0,747.0,1.0,0.4875209899195313,1.1354740163349422,1.1354740163349422,-0.1086126628105323,0.0,0.0
ascensos,lineal,4,243.0,972.0,972.0,1.0,0.502356140549229,1.0983150116661857,1.0983150116661857,-0.045534319122506293,0.0,0.0
ascensos,lineal,5,268.0,1340.0,1340.0,1.0,0.5577202084899261,1.1950814806744234,1.1950814806744234,-0.043038038112319967,0.0,0.0
ascensos,lineal,6,275.0,1650.0,1650.0,1.0,0.565932448955568,1.3492788978035617,1.3492788978035617,0.09283055210140802,0.0,0.0
ascensos,lineal,7,292.0,2044.0,2044.0,1.0,0.6091830305980618,1.5076486207027444,1.5076486207027444,0.0399989959468078,0.0,0.0
ascensos,lineal,8,302.0,2416.0,2416.0,1.0,0.5177991779418463,1.3869482495418137,1.3869482495418137,-0.01174762702354928,0.0,0.0
ascensos,lineal,9,346.0,3114.0,3114.0,1.0,0.5290471634231022,1.2127352875427173,1.2127352875427173,0.030078452345103788,0.0,0.0
ascensos,lineal,10,331.0,3310.0,3310.0,1.0,0.5394051139782254,1.1351347598458266,1.1351347598458266,0.01054672309288111,0.0,0.0
ascensos,pchip,1,204.0,204.0,204.0,1.0,0.5813233455204329,1.094182874347152,1.094182874347152,0.1428510326704629,0.0,0.0
ascensos,pchip,2,205.0,410.0,410.0,1.0,0.5077613602510133,1.1604661832326522,1.1604661832326522,-0.02954698171680901,0.0,0.0
ascensos,pchip,3,249.0,747.0,747.0,1.0,0.47149506479738335,1.1331979502505063,1.1331979502505063,-0.11449492591429684,0.0,0.0
ascensos,pchip,4,243.0,972.0,972.0,1.0,0.4891499521153297,1.1121455140080145,1.1121455140080145,-0.052920655205204524,0.0,0.0
ascensos,pchip,5,268.0,1340.0,1340.0,1.0,0.55672570359322,1.2339386671674608,1.2339386671674608,-0.04981598486107559,0.0,0.0
ascensos,pchip,6,275.0,1650.0,1650.0,1.0,0.5478315787620511,1.397636505810404,1.397636505810404,0.07396335846144628,0.0,0.0
ascensos,pchip,7,292.0,2044.0,2044.0,1.0,0.5934042402174174,1.5458642988369344,1.5458642988369344,0.02079825031208159,0.0,0.0
ascensos,pchip,8,302.0,2416.0,2416.0,1.0,0.5151619008363533,1.4051676130003214,1.4051676130003214,-0.021845965645377757,0.0,0.0
ascensos,pchip,9,346.0,3114.0,3114.0,1.0,0.5222248975180048,1.2501697328777042,1.2501697328777042,0.017205615479458033,0.0,0.0
ascensos,pchip,10,331.0,3310.0,3310.0,1.0,0.534691354901621,1.162817509367821,1.162817509367821,-0.002549506212143313,0.0,0.0
ascensos,spline_pipeline,1,204.0,204.0,204.0,1.0,0.8467368352194686,2.1035779410747,1.4582303407621133,0.07188281176221048,0.09803921568627451,13.0
ascensos,spline_pipeline,2,205.0,410.0,410.0,1.0,0.6909519263893905,1.549571184255587,1.2762158199939582,-0.03957511225218744,0.23658536585365852,28.0
ascensos,spline_pipeline,3,249.0,747.0,747.0,1.0,0.5902388038194272,1.2728100249936856,1.2353514034473998,-0.05344682559727572,0.2757697456492637,44.0
ascensos,spline_pipeline,4,243.0,972.0,972.0,1.0,0.664184565376258,1.4609223230896626,1.3198968181040827,-0.03218452278659642,0.36522633744855965,94.0
ascensos,spline_pipeline,5,268.0,1340.0,1340.0,1.0,0.8643210889631997,1.8764439063192329,1.733213304640101,0.06254946773780695,0.3798507462686567,150.0
ascensos,spline_pipeline,6,275.0,1650.0,1650.0,1.0,0.971771499368784,2.837142392217544,2.6972426306333177,0.16679742872776035,0.39636363636363636,211.0
ascensos,spline_pipeline,7,292.0,2044.0,2044.0,1.0,1.0215087849284352,2.968843484856082,2.853302016033563,0.12410081483977853,0.44031311154598823,297.0
ascensos,spline_pipeline,8,302.0,2416.0,2114.0,0.875,1.0483322614019974,3.297970307764237,3.220340037306296,0.21379488288409323,0.49337748344370863,347.0
ascensos,spline_pipeline,9,346.0,3114.0,2422.0,0.7777777777777778,1.0141831059582103,2.9633744287964294,2.6752675166222466,0.13282979551601884,0.3918249380677126,348.0
ascensos,spline_pipeline,10,331.0,3310.0,2317.0,0.7,1.040374911466498,2.5504409172585523,1.901690228742544,0.08401165896470995,0.4346137246439361,373.0
