tipo,clave,url,http_status,motivo,fecha_consulta
hidrometricas,B12681,https://sih.conagua.gob.mx/basedatos/Hidros/B12681.csv,,no consultado (correr con --probe),
hidrometricas,B18521,https://sih.conagua.gob.mx/basedatos/Hidros/B18521.csv,,no consultado (correr con --probe),
hidrometricas,B560CPI,https://sih.conagua.gob.mx/basedatos/Hidros/B560CPI.csv,,no consultado (correr con --probe),
climatologicas,C15043,https://sih.conagua.gob.mx/basedatos/Climas/C15043.csv,,no consultado (correr con --probe),
climatologicas,C15152,https://sih.conagua.gob.mx/basedatos/Climas/C15152.csv,,no consultado (correr con --probe),
climatologicas,C22072,https://sih.conagua.gob.mx/basedatos/Climas/C22072.csv,,no consultado (correr con --probe),
climatologicas,ATLTL,https://sih.conagua.gob.mx/basedatos/Climas/ATLTL.csv,,no consultado (correr con --probe),
climatologicas,C32152,https://sih.conagua.gob.mx/basedatos/Climas/C32152.csv,,no consultado (correr con --probe),
climatologicas,C32182,https://sih.conagua.gob.mx/basedatos/Climas/C32182.csv,,no consultado (correr con --probe),
climatologicas,C32097,https://sih.conagua.gob.mx/basedatos/Climas/C32097.csv,,no consultado (correr con --probe),
climatologicas,C32183,https://sih.conagua.gob.mx/basedatos/Climas/C32183.csv,,no consultado (correr con --probe),
climatologicas,C32153,https://sih.conagua.gob.mx/basedatos/Climas/C32153.csv,,no consultado (correr con --probe),
climatologicas,C32051,https://sih.conagua.gob.mx/basedatos/Climas/C32051.csv,,no consultado (correr con --probe),
climatologicas,C32180,https://sih.conagua.gob.mx/basedatos/Climas/C32180.csv,,no consultado (correr con --probe),
climatologicas,C32138,https://sih.conagua.gob.mx/basedatos/Climas/C32138.csv,,no consultado (correr con --probe),
climatologicas,C32120,https://sih.conagua.gob.mx/basedatos/Climas/C32120.csv,,no consultado (correr con --probe),
climatologicas,C32025,https://sih.conagua.gob.mx/basedatos/Climas/C32025.csv,,no consultado (correr con --probe),
climatologicas,C32157,https://sih.conagua.gob.mx/basedatos/Climas/C32157.csv,,no consultado (correr con --probe),
climatologicas,C32111,https://sih.conagua.gob.mx/basedatos/Climas/C32111.csv,,no consultado (correr con --probe),
climatologicas,C32181,https://sih.conagua.gob.mx/basedatos/Climas/C32181.csv,,no consultado (correr con --probe),
climatologicas,C32026,https://sih.conagua.gob.mx/basedatos/Climas/C32026.csv,,no consultado (correr con --probe),
climatologicas,C32027,https://sih.conagua.gob.mx/basedatos/Climas/C32027.csv,,no consultado (correr con --probe),
climatologicas,C32029,https://sih.conagua.gob.mx/basedatos/Climas/C32029.csv,,no consultado (correr con --probe),
climatologicas,C32067,https://sih.conagua.gob.mx/basedatos/Climas/C32067.csv,,no consultado (correr con --probe),
climatologicas,C32122,https://sih.conagua.gob.mx/basedatos/Climas/C32122.csv,,no consultado (correr con --probe),
climatologicas,C32140,https://sih.conagua.gob.mx/basedatos/Climas/C32140.csv,,no consultado (correr con --probe),
climatologicas,C32124,https://sih.conagua.gob.mx/basedatos/Climas/C32124.csv,,no consultado (correr con --probe),
climatologicas,C32116,https://sih.conagua.gob.mx/basedatos/Climas/C32116.csv,,no consultado (correr con --probe),
climatologicas,C32037,https://sih.conagua.gob.mx/basedatos/Climas/C32037.csv,,no consultado (correr con --probe),
climatologicas,C32113,https://sih.conagua.gob.mx/basedatos/Climas/C32113.csv,,no consultado (correr con --probe),
climatologicas,C32189,https://sih.conagua.gob.mx/basedatos/Climas/C32189.csv,,no consultado (correr con --probe),
climatologicas,C32104,https://sih.conagua.gob.mx/basedatos/Climas/C32104.csv,,no consultado (correr con --probe),
climatologicas,C32136,https://sih.conagua.gob.mx/basedatos/Climas/C32136.csv,,no consultado (correr con --probe),
climatologicas,C32125,https://sih.conagua.gob.mx/basedatos/Climas/C32125.csv,,no consultado (correr con --probe),
climatologicas,C32039,https://sih.conagua.gob.mx/basedatos/Climas/C32039.csv,,no consultado (correr con --probe),
climatologicas,C32105,https://sih.conagua.gob.mx/basedatos/Climas/C32105.csv,,no consultado (correr con --probe),
climatologicas,C32041,https://sih.conagua.gob.mx/basedatos/Climas/C32041.csv,,no consultado (correr con --probe),
climatologicas,C32126,https://sih.conagua.gob.mx/basedatos/Climas/C32126.csv,,no consultado (correr con --probe),
climatologicas,C32118,https://sih.conagua.gob.mx/basedatos/Climas/C32118.csv,,no consultado (correr con --probe),
climatologicas,C32108,https://sih.conagua.gob.mx/basedatos/Climas/C32108.csv,,no consultado (correr con --probe),
climatologicas,C32129,https://sih.conagua.gob.mx/basedatos/Climas/C32129.csv,,no consultado (correr con --probe),
climatologicas,C32032,https://sih.conagua.gob.mx/basedatos/Climas/C32032.csv,,no consultado (correr con --probe),
climatologicas,C32132,https://sih.conagua.gob.mx/basedatos/Climas/C32132.csv,,no consultado (correr con --probe),
climatologicas,C32139,https://sih.conagua.gob.mx/basedatos/Climas/C32139.csv,,no consultado (correr con --probe),
climatologicas,C32112,https://sih.conagua.gob.mx/basedatos/Climas/C32112.csv,,no consultado (correr con --probe),
climatologicas,C32056,https://sih.conagua.gob.mx/basedatos/Climas/C32056.csv,,no consultado (correr con --probe),
climatologicas,C32070,https://sih.conagua.gob.mx/basedatos/Climas/C32070.csv,,no consultado (correr con --probe),
climatologicas,C32184,https://sih.conagua.gob.mx/basedatos/Climas/C32184.csv,,no consultado (correr con --probe),
climatologicas,C32057,https://sih.conagua.gob.mx/basedatos/Climas/C32057.csv,,no consultado (correr con --probe),
climatologicas,C32143,https://sih.conagua.gob.mx/basedatos/Climas/C32143.csv,,no consultado (correr con --probe),
climatologicas,C32103,https://sih.conagua.gob.mx/basedatos/Climas/C32103.csv,,no consultado (correr con --probe),
climatologicas,C32106,https://sih.conagua.gob.mx/basedatos/Climas/C32106.csv,,no consultado (correr con --probe),
climatologicas,C32130,https://sih.conagua.gob.mx/basedatos/Climas/C32130.csv,,no consultado (correr con --probe),
climatologicas,C32030,https://sih.conagua.gob.mx/basedatos/Climas/C32030.csv,,no consultado (correr con --probe),
climatologicas,C32117,https://sih.conagua.gob.mx/basedatos/Climas/C32117.csv,,no consultado (correr con --probe),
climatologicas,C32134,https://sih.conagua.gob.mx/basedatos/Climas/C32134.csv,,no consultado (correr con --probe),
climatologicas,C32095,https://sih.conagua.gob.mx/basedatos/Climas/C32095.csv,,no consultado (correr con --probe),
climatologicas,C32135,https://sih.conagua.gob.mx/basedatos/Climas/C32135.csv,,no consultado (correr con --probe),
climatologicas,C32100,https://sih.conagua.gob.mx/basedatos/Climas/C32100.csv,,no consultado (correr con --probe),
climatologicas,C32101,https://sih.conagua.gob.mx/basedatos/Climas/C32101.csv,,no consultado (correr con --probe),
climatologicas,C32069,https://sih.conagua.gob.mx/basedatos/Climas/C32069.csv,,no consultado (correr con --probe),
climatologicas,C32109,https://sih.conagua.gob.mx/basedatos/Climas/C32109.csv,,no consultado (correr con --probe),
climatologicas,C32085,https://sih.conagua.gob.mx/basedatos/Climas/C32085.csv,,no consultado (correr con --probe),
climatologicas,C32102,https://sih.conagua.gob.mx/basedatos/Climas/C32102.csv,,no consultado (correr con --probe),
climatologicas,C32098,https://sih.conagua.gob.mx/basedatos/Climas/C32098.csv,,no consultado (correr con --probe),
climatologicas,C32060,https://sih.conagua.gob.mx/basedatos/Climas/C32060.csv,,no consultado (correr con --probe),
climatologicas,C32072,https://sih.conagua.gob.mx/basedatos/Climas/C32072.csv,,no consultado (correr con --probe),
climatologicas,C32119,https://sih.conagua.gob.mx/basedatos/Climas/C32119.csv,,no consultado (correr con --probe),
climatologicas,C32099,https://sih.conagua.gob.mx/basedatos/Climas/C32099.csv,,no consultado (correr con --probe),
climatologicas,C32042,https://sih.conagua.gob.mx/basedatos/Climas/C32042.csv,,no consultado (correr con --probe),
climatologicas,C32175,https://sih.conagua.gob.mx/basedatos/Climas/C32175.csv,,no consultado (correr con --probe),
climatologicas,C32055,https://sih.conagua.gob.mx/basedatos/Climas/C32055.csv,,no consultado (correr con --probe),
climatologicas,C32062,https://sih.conagua.gob.mx/basedatos/Climas/C32062.csv,,no consultado (correr con --probe),
climatologicas,C32073,https://sih.conagua.gob.mx/basedatos/Climas/C32073.csv,,no consultado (correr con --probe),
climatologicas,C32044,https://sih.conagua.gob.mx/basedatos/Climas/C32044.csv,,no consultado (correr con --probe),
