clave_estacion,n,negativos,altos,fraccion_de_dias_con_valor
B26424,242,242,0,0.01549891123350839
B12532,14,0,14,0.0007231778500955628
B18200,9,0,9,0.000406742893297781
B12730,8,0,8,0.0005320563979781857
TEMMR,6,0,6,0.0007751937984496124
B12765,6,0,6,0.0005445140212360468
B18427,5,0,5,0.0005231767290990897
TROMX,5,0,5,0.0005559879906594017
B26137,4,0,4,0.00017662383538658542
B18425,4,0,4,0.00041854138327927174
CRDMR,4,0,4,0.0008628127696289905
ATEJL,4,0,4,0.00040257648953301127
TMPVC,4,0,4,0.000511443549418233
CORMC,4,0,4,0.0004915212582944212
B12773,4,0,4,0.00039820806371329017
B18270,3,0,3,0.0001426330052774212
ZCTMR,3,0,3,0.00029086678301337986
B18219,3,0,3,0.00015209896572703304
B18225,3,0,3,0.00014667057788207686
B26470,3,0,3,0.0002800336040324839
B18329,3,0,3,0.00023245002324500232
B26218,3,0,3,0.00012587588637603324
B26282,3,0,3,0.0001963222302205353
K27MX,3,0,3,0.000487012987012987
CXXMR,3,0,3,0.000686655985351339
PERMR,3,0,3,0.0006524575902566333
B26341,3,0,3,0.000287328799923379
ATOMX,3,0,3,0.0003630642623744403
B12930,3,0,3,0.00023864449924429243
B18293,3,1,2,0.00016238159675236808
B12556,3,0,3,0.00021519259737465033
B12358,3,0,3,0.00011394280071404155
ATQJL,3,0,3,0.0003404448479346346
TICMR,2,0,2,0.00024390243902439024
TBLSL,2,0,2,0.0003857280617164899
CAINR,2,0,2,0.0004017677782241864
LAYMX,2,0,2,0.00024417043096081065
ENNTP,2,0,2,0.00042238648363252375
YURMC,2,0,2,0.000188040616773223
RQTSL,2,0,2,0.0002486016159105034
PTCMX,2,0,2,0.0008438818565400844
PSNVC,2,0,2,0.00026277755879647877
SLMGJ,2,0,2,0.0001837897445322551
SMLMX,2,0,2,0.00026867275658248256
SLAMX,2,0,2,0.0004
TESMX,2,0,2,0.00045829514207149406
SL2GJ,2,0,2,0.0002447081854888046
SGRJL,2,0,2,0.0002899811512251704
SCRJL,2,0,2,0.0001868460388639761
SAUJL,2,0,2,0.00021146119687037428
CHPMX,2,0,2,0.0004051863857374392
ESTMR,2,0,2,0.0004377325454147516
CUAMR,2,0,2,0.0001908761213972132
CXTJL,2,0,2,0.00019648295510364477
LPNMC,2,0,2,0.00019234468166955183
B12908,2,0,2,0.00013463480309660046
B18471,2,0,2,0.00018509949097639982
B26280,2,0,2,9.955697147692768e-05
B12466,2,0,2,8.951349415924451e-05
B12422,2,0,2,0.000126350369574831
B12729,2,0,2,0.00015717092337917484
B12545,2,0,2,0.00016758840288252054
B12390,2,0,2,0.00011466574934067194
B12418,2,0,2,8.172605426610003e-05
B12341,2,0,2,9.051002398515636e-05
ALUMR,2,0,2,0.0002567064561673726
AJJJL,1,0,1,0.00021190930281839374
AHLTP,1,0,1,0.0002332089552238806
B26057,1,0,1,3.7762924360862507e-05
B26205,1,0,1,4.211945076236206e-05
B18454,1,0,1,0.00016105653084232566
B18455,1,0,1,0.00014098406880022558
B18487,1,0,1,6.164088023176972e-05
B18554,1,0,1,8.828462964597864e-05
B18436,1,0,1,5.58752863608426e-05
B18129,1,0,1,3.972983710766786e-05
B18005,1,0,1,0.00011528706479133042
B18269,1,0,1,4.895721139723881e-05
B18294,1,0,1,5.962673662870431e-05
B18322,1,0,1,6.787944610371979e-05
B18324,1,0,1,5.165822915590454e-05
B18349,1,0,1,5.9396531242575434e-05
B18232,1,0,1,4.594743613306377e-05
B12382,1,0,1,8.07297973682086e-05
B12350,1,0,1,0.00010951702989814916
B12370,1,0,1,3.771876885938443e-05
ATCHD,1,0,1,0.00021800741225201656
ARBMX,1,0,1,0.00020214271275520516
ANSGJ,1,0,1,9.342301943198804e-05
AURMX,1,0,1,0.00028546959748786756
B12578,1,0,1,7.189589474441009e-05
B12558,1,0,1,5.394616173059287e-05
B12487,1,0,1,5.1980455348788854e-05
B12533,1,0,1,8.926977325477593e-05
B12669,1,0,1,8.444519506840061e-05
B12588,1,0,1,5.062265870203503e-05
B12585,1,0,1,5.4395126196692775e-05
B12764,1,0,1,7.935248373274083e-05
B26257,1,0,1,0.00030413625304136254
B26022,1,0,1,4.699689820471849e-05
MGSTP,1,0,1,0.00012758356723653993
LFLZC,1,0,1,0.00021523891519586742
LADGJ,1,0,1,9.29022668153103e-05
EGIMC,1,0,1,0.0001
EMOMX,1,0,1,0.0001973164956590371
JCRGJ,1,0,1,0.00012768130745658836
ECHGJ,1,0,1,9.299730307821073e-05
CYUGJ,1,0,1,0.00019098548510313216
ELCJL,1,0,1,0.00028968713789107763
B26807,1,0,1,0.000165809981760902
CALMX,1,0,1,0.0001097333479644464
BRAGJ,1,0,1,0.00019113149847094801
CMNMC,1,0,1,9.547450830628223e-05
CUNJL,1,0,1,0.00011575413821044102
B27006,1,0,1,6.367398917542184e-05
LSRTP,1,0,1,0.00018480872297172427
LPZMC,1,0,1,9.742790335151988e-05
SB2MX,1,0,1,0.0002457002457002457
PERGJ,1,0,1,9.557488292076843e-05
PDSJL,1,0,1,0.0011614401858304297
MOLNR,1,0,1,0.0003332222592469177
PPBMX,1,0,1,0.0008163265306122449
SCRMC,1,0,1,0.00020911752404851526
SGBTP,1,0,1,0.00012283503255128362
RTTHD,1,0,1,0.00020466639377814163
SLVGJ,1,0,1,9.819324430479184e-05
TEMGJ,1,0,1,0.0002935995302407516
TMTSL,1,0,1,0.00021772262138036142
YAHMR,1,0,1,9.736150326161036e-05
XICMR,1,0,1,0.00010580890911014708
