evento,doi,clave_estacion,fecha_pico,gasto_pico_m3s,pico_vs_p999,calidad
Inundaciones de septiembre de 2013 (Ingrid y Manuel),10.1002/wea.2355,AMCMR,2013-09-16,421.06,1.17,0
Inundaciones de septiembre de 2013 (Ingrid y Manuel),10.1002/wea.2355,ARBMX,2013-09-18,4.7,1.0,0
Inundaciones de septiembre de 2013 (Ingrid y Manuel),10.1002/wea.2355,ATCHD,2013-09-15,778.56,1.17,0
Inundaciones de septiembre de 2013 (Ingrid y Manuel),10.1002/wea.2355,CPEHD,2013-09-13,7.7,1.1,0
Inundaciones de septiembre de 2013 (Ingrid y Manuel),10.1002/wea.2355,EMOMX,2013-09-22,31.66,1.8,0
Inundaciones de septiembre de 2013 (Ingrid y Manuel),10.1002/wea.2355,LPNMC,2013-09-16,2568.72,1.88,0
Inundaciones de septiembre de 2013 (Ingrid y Manuel),10.1002/wea.2355,LSRTP,2013-09-17,484.81,1.08,0
Inundaciones de septiembre de 2013 (Ingrid y Manuel),10.1002/wea.2355,MGSTP,2013-09-19,4963.53,1.59,0
Inundaciones de septiembre de 2013 (Ingrid y Manuel),10.1002/wea.2355,OLVVC,2013-09-17,4333.1,1.14,0
Inundaciones de septiembre de 2013 (Ingrid y Manuel),10.1002/wea.2355,PUJSL,2013-09-13,3364.0,1.06,0
Inundaciones de septiembre de 2013 (Ingrid y Manuel),10.1002/wea.2355,RFRTP,2013-09-18,2285.84,2.23,0
Inundaciones de septiembre de 2013 (Ingrid y Manuel),10.1002/wea.2355,RQTSL,2013-09-15,1319.33,1.32,0
Inundaciones de septiembre de 2013 (Ingrid y Manuel),10.1002/wea.2355,SBNTP,2013-09-18,501.8,1.3,0
Inundaciones de septiembre de 2013 (Ingrid y Manuel),10.1002/wea.2355,SGBTP,2013-09-18,1205.0,3.2,2
Inundaciones de septiembre de 2013 (Ingrid y Manuel),10.1002/wea.2355,SVTSL,2013-09-15,3996.87,1.34,0
Inundaciones de septiembre de 2013 (Ingrid y Manuel),10.1002/wea.2355,TBLSL,2013-09-15,2171.99,4.14,2
Inundaciones de septiembre de 2013 (Ingrid y Manuel),10.1002/wea.2355,TMPVC,2013-09-16,3826.0,1.32,0
Inundaciones de septiembre de 2013 (Ingrid y Manuel),10.1002/wea.2355,TMTSL,2013-09-15,4023.24,4.21,2
