clave_estacion,fecha,gasto_medio_m3s,tipo,p999_local,razon_p999,prev,next,razon_vecinos,upland_km2,q_especifico_m3s_km2,en_conjunto_principal
AHLTP,2004-08-17,444.0,alto,118.53923999999228,3.745595129511788,16.0,28.0,15.857142857142858,83.2,5.336538461538462,True
AJJJL,2023-10-14,218.39,alto,54.00795000000038,4.043663942067759,29.63,1.07,7.3705703678704015,7171.2,0.03045375948237394,True
ALUMR,2002-08-14,27795.0,alto,1690.6200000000008,16.440714057564673,0.6,1.67,16643.7125748503,596.2,46.620261657162025,True
ALUMR,2007-09-08,7851.0,alto,1690.6200000000008,4.643858466124851,1.86,18.7,419.8395721925134,596.2,13.16839986581684,True
ANSGJ,2012-08-05,30029.0,alto,65.00029000000171,461.9825542316689,4.57,1.39,6570.89715536105,2665.2,11.267071889539247,True
ARBMX,2023-08-03,22.0,alto,4.7,4.680851063829787,0.22,0.23,95.65217391304347,16.8,1.3095238095238095,True
ATCHD,2025-01-15,293588.0,alto,663.3345799999975,442.59414306427556,29.61,29.23,9915.16379601486,874.9,335.56749342782035,True
ATEJL,1998-04-08,2608.0,alto,121.2167000000006,21.515187263801003,2.36,2.35,1105.084745762712,15.7,166.11464968152868,True
ATEJL,2000-06-11,2011.0,alto,121.2167000000006,16.590123308091954,2.15,2.1,935.3488372093024,15.7,128.0891719745223,True
ATEJL,2023-04-05,683.0,alto,121.2167000000006,5.634537155358928,0.64,0.65,1050.7692307692307,15.7,43.503184713375795,True
ATEJL,2023-11-09,653.0,alto,121.2167000000006,5.387046504318273,0.66,0.64,989.3939393939394,15.7,41.59235668789809,True
ATOMX,2000-06-03,974.0,alto,54.889519999999976,17.744735242720292,8.38,6.68,116.22911694510739,399.7,2.436827620715537,True
ATOMX,2007-08-24,381.0,alto,54.889519999999976,6.94121573662878,5.85,6.9,55.21739130434782,399.7,0.9532149111833875,True
ATOMX,2014-11-16,638.0,alto,54.889519999999976,11.623348136401999,0.63,0.62,1012.6984126984127,399.7,1.5961971478608956,True
ATQJL,1995-04-12,64.27,alto,18.761390000001683,3.425652363710484,6.19,6.53,9.842266462480856,46335.6,0.0013870544462573054,True
ATQJL,1996-09-29,84.0,alto,18.761390000001683,4.477280201519848,0.08,0.09,933.3333333333334,46335.6,0.0018128609535648615,True
ATQJL,2006-02-22,356.0,alto,18.761390000001683,18.975139901679356,3.56,3.56,100.0,46335.6,0.007683077374632033,True
AURMX,2003-10-23,22.0,alto,7.249000000000024,3.0349013657056045,,,,,,False
B12341,2005-08-30,71.54,alto,11.166159999999945,6.406857863401596,12.54,93.35,0.7663631494376005,,,False
B12341,2005-08-31,93.35,alto,11.166159999999945,8.360080815607198,71.54,0.13,1.3048644115180317,,,False
B12350,1967-08-25,3039.0,alto,273.15610000000163,11.125506624234209,10.13,45.59,66.65935512173722,,,False
B12358,1976-07-14,307.38,alto,97.27319999999919,3.159965951567364,187.23,158.03,1.641724082679058,,,False
B12358,2008-08-30,303.2,alto,97.27319999999919,3.1169941977852327,134.37,327.08,0.9269903387550447,,,False
B12358,2008-08-31,327.08,alto,97.27319999999919,3.362488331832434,303.2,117.07,1.0787598944591028,,,False
B12370,2008-08-28,1116.23,alto,295.02634000000427,3.783492687466427,499.71,837.05,1.333528463054776,,,False
B12382,1973-08-16,1224.37,alto,250.6708599999998,4.8843730779078225,309.33,710.44,1.7233967681999884,,,False
B12390,1999-09-01,7035.6,alto,37.05627000000059,189.8626062471989,18.36,347.46,20.248661716456574,,,False
B12390,1999-09-02,347.46,alto,37.05627000000059,9.376550850908483,7035.6,24.28,0.04938597987378475,,,False
B12418,1976-07-12,58.95,alto,17.31050999999974,3.4054455934574364,25.05,66.21,0.8903488898957863,,,False
B12418,1976-07-13,66.21,alto,17.31050999999974,3.824843982066443,58.95,21.68,1.1231552162849872,,,False
B12422,1967-09-09,377.86,alto,98.44008000000152,3.8384771731188576,231.41,130.12,1.632859426991055,,,False
B12422,1976-07-13,331.85,alto,98.44008000000152,3.3710862486092545,125.37,149.88,2.214104617026955,,,False
B12466,2001-08-30,690.27,alto,71.79855999999927,9.613981116055907,211.97,67.49,3.2564513846299006,,,False
B12466,2013-09-24,248.42,alto,71.79855999999927,3.4599579713019666,63.89,10.52,3.8882454218187505,,,False
B12487,2003-09-21,261.33,alto,84.95742999999544,3.0760111269845853,63.97,119.83,2.1808395226570974,,,False
B12532,2004-02-01,10720.6,alto,2144.5710599999916,4.998948367791573,15.14,12244.7,0.8755298210654405,,,False
B12532,2004-02-02,12244.7,alto,2144.5710599999916,5.709626614097855,10720.6,16833.8,0.7273877555869739,,,False
B12532,2004-02-03,16833.8,alto,2144.5710599999916,7.849495087376617,12244.7,21425.0,0.785708284714119,,,False
B12532,2004-02-04,21425.0,alto,2144.5710599999916,9.99034277745037,16833.8,17.4,1.272736993429885,,,False
B12532,2004-02-08,27540.4,alto,2144.5710599999916,12.841915343201595,9.25,8.27,2977.3405405405406,,,False
B12532,2004-02-13,30496.4,alto,2144.5710599999916,14.220279555577012,11.15,54001.5,0.5647324611353388,,,False
B12532,2004-02-14,54001.5,alto,2144.5710599999916,25.18055988314988,30496.4,38248.8,1.411848214845956,,,False
B12532,2004-02-15,38248.8,alto,2144.5710599999916,17.835174927707993,54001.5,39402.3,0.7082914363489904,,,False
B12532,2004-02-16,39402.3,alto,2144.5710599999916,18.373044724384258,38248.8,8.71,1.0301578088724352,,,False
B12532,2004-02-18,10715.3,alto,2144.5710599999916,4.996477011118504,8.71,16.7,641.6347305389221,,,False
B12532,2004-02-29,18363.7,alto,2144.5710599999916,8.56287783721192,8.91,7.49,2061.0213243546577,,,False
B12532,2005-03-26,7676.95,alto,2144.5710599999916,3.57971351156815,4301.4,11151.8,0.6884045624921538,,,False
B12532,2005-03-27,11151.8,alto,2144.5710599999916,5.2000142163627086,7676.95,13363.9,0.8344719730018931,,,False
B12532,2005-03-28,13363.9,alto,2144.5710599999916,6.231502536455962,11151.8,12.04,1.1983625961728153,,,False
B12533,1970-06-29,92.67,alto,29.179700000000267,3.1758379969636135,9.0,53.2,1.7419172932330826,,,False
B12545,1976-07-13,259.6,alto,80.81071999999985,3.212445081543643,156.1,249.3,1.041315683914962,,,False
B12545,1976-07-14,249.3,alto,80.81071999999985,3.084986744332936,259.6,137.9,0.9603235747303543,,,False
B12556,1994-09-06,167.53,alto,46.6213999999999,3.59341418318627,57.23,149.91,1.1175371889800547,,,False
B12556,1994-09-07,149.91,alto,46.6213999999999,3.215476154727235,167.53,44.17,0.8948248074971646,,,False
B12556,1996-10-08,224.36,alto,46.6213999999999,4.812382296541942,24.67,23.37,9.09444669639238,,,False
B12558,2007-09-02,125.03,alto,36.849759999999954,3.3929664670814725,22.69,42.25,2.9592899408284024,,,False
B12578,1980-01-26,48.12,alto,13.928080000000408,3.4548911264150255,14.6,4.96,3.2958904109589042,,,False
B12585,1973-08-16,182.75,alto,60.204239999998826,3.0355004896665676,66.01,95.64,1.9108113759933083,,,False
B12588,1976-10-09,341.83,alto,58.54718999999892,5.838538109173237,43.36,156.8,2.180038265306122,,,False
B12669,2008-08-28,263.28,alto,79.93561999999889,3.2936505652924644,64.4,82.61,3.187023362789008,,,False
B12729,1995-06-21,20.16,alto,4.090359999999982,4.928661535903952,0.34,20.83,0.9678348535765723,,,False
B12729,1995-06-22,20.83,alto,4.090359999999982,5.092461299249966,20.16,2.29,1.033234126984127,,,False
B12730,1937-09-14,3080.0,alto,11.1,277.47747747747746,3.08,3.08,1000.0,,,False
B12730,1942-09-14,43580.0,alto,11.1,3926.126126126126,4.53,4.64,9392.241379310346,,,False
B12730,1947-04-28,20930.0,alto,11.1,1885.5855855855857,3.66,3.12,5718.579234972677,,,False
B12730,1948-09-01,77.02,alto,11.1,6.9387387387387385,5.63,5.9,13.054237288135592,,,False
B12730,1949-05-04,6310.0,alto,11.1,568.4684684684685,6.61,6.03,954.6142208774584,,,False
B12730,1950-05-02,5020.0,alto,11.1,452.2522522522523,4.79,5.14,976.6536964980545,,,False
B12730,1967-06-01,44.24,alto,11.1,3.9855855855855857,8.06,8.19,5.401709401709402,,,False
B12730,1967-12-24,33.57,alto,11.1,3.0243243243243243,3.2,3.63,9.24793388429752,,,False
B12764,2012-07-19,164.12,alto,53.527529999999736,3.0660858066867798,5.76,38.5,4.262857142857143,,,False
B12765,2003-08-06,149.5,alto,6.696579999999995,22.324828494544995,1.0,1018.0,0.1468565815324165,,,False
B12765,2003-08-07,1018.0,alto,6.696579999999995,152.0178957019853,149.5,107.65,6.809364548494983,,,False
B12765,2003-08-08,107.65,alto,6.696579999999995,16.07536981563725,1018.0,1.1,0.10574656188605108,,,False
B12765,2004-09-07,251.41,alto,6.696579999999995,37.5430443599569,1.22,941.8,0.2669462730940752,,,False
B12765,2004-09-08,941.8,alto,6.696579999999995,140.6389530178092,251.41,91.31,3.7460721530567596,,,False
B12765,2004-09-09,91.31,alto,6.696579999999995,13.635318326668251,941.8,1.27,0.09695264387343386,,,False
B12773,2003-11-27,74.48,alto,21.924840000000643,3.3970601381810686,0.3,209.24,0.3559548843433378,,,False
B12773,2003-11-28,209.24,alto,21.924840000000643,9.543513202376568,74.48,12.87,2.809344790547798,,,False
B12773,2004-03-24,134.78,alto,21.924840000000643,6.147365271536579,47.31,10.19,2.848869160853942,,,False
B12773,2005-10-28,98.26,alto,21.924840000000643,4.481674666724917,34.98,6.04,2.809033733562036,,,False
B12908,1976-07-14,334.6,alto,82.83208000000158,4.039497740488874,198.45,252.1,1.3272510908369697,,,False
B12908,1976-07-15,252.1,alto,82.83208000000158,3.0435068152338465,334.6,195.39,0.7534369396294082,,,False
B12930,2003-09-09,38.89,alto,11.021300000000554,3.5286218504167426,31.15,41.29,0.9418745458948898,,,False
B12930,2003-09-10,41.29,alto,11.021300000000554,3.746382005752309,38.89,37.07,1.061712522499357,,,False
B12930,2003-09-11,37.07,alto,11.021300000000554,3.363487065953938,41.29,27.14,0.8977960765318479,,,False
B18005,1998-01-21,499.21,alto,29.71654999999819,16.799056418057628,2.0,1.78,249.605,,,False
B18129,1994-02-04,69.62,alto,19.931839999998918,3.4929038162058186,20.99,27.46,2.5353241077931536,,,False
B18200,1986-09-12,5.94,alto,1.2162199999999939,4.8839848053806305,3.62,5.96,0.9966442953020135,,,False
B18200,1986-09-13,5.96,alto,1.2162199999999939,4.90042919866474,5.94,5.66,1.0033670033670032,,,False
B18200,1986-09-14,5.66,alto,1.2162199999999939,4.653763299403092,5.96,5.36,0.9496644295302014,,,False
B18200,1986-09-15,5.36,alto,1.2162199999999939,4.407097400141445,5.66,5.07,0.9469964664310955,,,False
B18200,1986-09-16,5.07,alto,1.2162199999999939,4.168653697521851,5.36,4.77,0.9458955223880597,,,False
B18200,1986-09-17,4.77,alto,1.2162199999999939,3.9219877982602025,5.07,4.47,0.9408284023668637,,,False
B18200,1986-09-18,4.47,alto,1.2162199999999939,3.675321898998555,4.77,4.17,0.9371069182389937,,,False
B18200,1986-09-19,4.17,alto,1.2162199999999939,3.428655999736907,4.47,3.87,0.9328859060402684,,,False
B18200,1986-09-20,3.87,alto,1.2162199999999939,3.181990100475259,4.17,3.57,0.9280575539568345,,,False
B18219,1995-03-13,194.46,alto,8.174319999999716,23.789134753717345,0.17,301.0,0.646046511627907,,,False
B18219,1995-03-14,301.0,alto,8.174319999999716,36.82263478797141,194.46,150.6,1.5478761699064074,,,False
B18219,1995-03-15,150.6,alto,8.174319999999716,18.42355082747008,301.0,0.19,0.5003322259136213,,,False
B18225,1984-08-03,176.62,alto,42.663489999997765,4.139839473986053,16.28,190.35,0.9278697136853166,,,False
B18225,1984-08-04,190.35,alto,42.663489999997765,4.461660309552968,176.62,74.2,1.0777375155701505,,,False
B18225,2010-08-17,163.92,alto,42.663489999997765,3.842161060897938,11.32,69.78,2.349097162510748,,,False
B18232,1995-02-01,10027.8,alto,315.1671200000116,31.817405318167804,281.29,6.54,35.64932987308471,,,False
B18269,1984-09-07,197.65,alto,53.12775000000041,3.7202780091383216,56.07,44.5,3.5250579632602106,,,False
B18270,1994-10-06,8.64,alto,2.49,3.4698795180722892,4.85,1.72,1.7814432989690725,,,False
B18270,1998-07-08,60.73,alto,2.49,24.389558232931723,0.81,303.98,0.19978288045266135,,,False
B18270,1998-07-09,303.98,alto,2.49,122.08032128514056,60.73,0.88,5.005433887699655,,,False
B18293,1960-01-30,9.5,alto,2.7457800000000496,3.4598547589391098,0.93,0.95,10.0,,,False
B18293,1977-09-26,896.0,alto,2.7457800000000496,326.31893305362547,0.91,0.93,963.4408602150537,,,False
B18293,2012-01-01,-3.17,negativo,2.7457800000000496,-1.1544989037723135,0.0,0.0,,,,False
B18294,1962-10-28,869.0,alto,18.338399999999965,47.38690398289936,1.56,1.52,557.051282051282,,,False
B18322,2001-02-14,603.35,alto,45.20345000000001,13.347432552161392,122.69,37.85,4.917678702420735,,,False
B18324,2003-02-20,146.79,alto,1.01,145.3366336633663,0.32,0.2,458.71874999999994,,,False
B18329,1967-09-26,1957.33,alto,378.84074999998245,5.166630041779007,220.72,1297.66,1.5083534978345636,,,False
B18329,1967-09-27,1297.66,alto,378.84074999998245,3.425344290444099,1957.33,221.59,0.66297456228638,,,False
B18329,1976-10-08,1905.87,alto,378.84074999998245,5.030794601689729,49.72,431.35,4.418384142807464,,,False
B18349,1989-06-30,60.97,alto,14.636400000000139,4.165641824492322,0.28,0.0,217.74999999999997,,,False
B18425,1988-02-21,5.93,alto,1.204439999999995,4.923449902029179,1.86,9.15,0.648087431693989,,,False
B18425,1988-02-22,9.15,alto,1.204439999999995,7.596891501444686,5.93,9.33,0.9807073954983924,,,False
B18425,1988-02-23,9.33,alto,1.204439999999995,7.746338547374745,9.15,9.33,1.0,,,False
B18425,1988-02-24,9.33,alto,1.204439999999995,7.746338547374745,9.33,3.19,1.0,,,False
B18427,1978-06-01,6.2,alto,1.1886799999997675,5.215869704210732,0.46,5.67,1.09347442680776,,,False
B18427,1978-06-02,5.67,alto,1.1886799999997675,4.769996971431428,6.2,5.14,0.914516129032258,,,False
B18427,1978-06-03,5.14,alto,1.1886799999997675,4.324124238652122,5.67,4.61,0.9065255731922398,,,False
B18427,1978-06-04,4.61,alto,1.1886799999997675,3.878251505872819,5.14,4.09,0.8968871595330741,,,False
B18427,1978-06-05,4.09,alto,1.1886799999997675,3.4407914661648213,4.61,3.56,0.8872017353579175,,,False
B18436,1952-08-23,1773.0,alto,567.3871999999989,3.1248501904872077,275.9,147.0,6.4262413918086265,,,False
B18454,1973-10-16,16.94,alto,4.1375200000000225,4.094240027842743,1.68,1.71,9.906432748538013,,,False
B18455,1981-10-01,2966.26,alto,28.698160000000005,103.36063357372039,11.34,16.43,180.5392574558734,,,False
B18471,1969-10-17,103.4,alto,20.6,5.019417475728155,11.6,10.2,8.913793103448276,,,False
B18471,1981-07-11,69.32,alto,20.6,3.3650485436893196,9.51,7.94,7.289169295478443,,,False
B18487,1976-10-09,1905.0,alto,565.3420000000096,3.3696417389827173,140.0,268.0,7.108208955223881,,,False
B18554,2013-09-15,122.18,alto,38.18828000000019,3.199410918742593,21.91,65.21,1.873639012421408,,,False
B26022,1976-09-30,429.11,alto,111.84824000000866,3.8365377944254355,253.82,256.11,1.6754909999609542,,,False
B26057,1935-09-28,18.59,alto,5.4688000000000825,3.3992832065534886,3.83,0.52,4.85378590078329,,,False
B26137,1985-01-30,9.09,alto,2.8435399999999937,3.1967195819295737,1.43,1.72,5.284883720930233,,,False
B26137,1985-03-21,10.76,alto,2.8435399999999937,3.7840156987417175,5.3,10.7,1.005607476635514,,,False
B26137,1985-03-22,10.7,alto,2.8435399999999937,3.7629152394550536,10.76,10.54,0.9944237918215613,,,False
B26137,1985-03-23,10.54,alto,2.8435399999999937,3.70664734802395,10.7,5.58,0.9850467289719625,,,False
B26205,2004-10-05,536.69,alto,3.68,145.8396739130435,0.55,0.56,958.375,,,False
B26218,2008-07-15,1251.53,alto,388.24088000000654,3.2235914981440876,78.09,38.76,16.02676399026764,,,False
B26218,2010-07-01,1193.46,alto,388.24088000000654,3.0740194077449545,46.21,774.96,1.5400278724063177,,,False
B26218,2013-09-17,2081.91,alto,388.24088000000654,5.362418300720843,496.99,698.98,2.9784972388337287,,,False
B26257,1961-11-28,319.0,alto,10.011880000000147,31.862147768450612,0.35,0.36,886.1111111111112,,,False
B26280,1976-07-12,1526.76,alto,507.6456800000001,3.0075307643709284,1467.88,1020.08,1.0401122707578276,,,False
B26280,2013-09-17,2241.25,alto,507.6456800000001,4.414988816609253,152.89,823.5,2.7216150576806313,,,False
B26282,1993-09-21,277.99,alto,37.32319999999914,7.448182363784627,54.5,253.95,1.0946643039968498,,,False
B26282,1993-09-22,253.95,alto,37.32319999999914,6.804078964290464,277.99,151.05,0.9135220691391776,,,False
B26282,1993-09-23,151.05,alto,37.32319999999914,4.047080636172769,253.95,37.69,0.5948021264028353,,,False
B26341,1976-07-12,349.5,alto,51.38199999999964,6.80199291580714,27.07,475.7,0.7347067479503889,,,False
B26341,1976-07-13,475.7,alto,51.38199999999964,9.258105951500589,349.5,249.6,1.3610872675250358,,,False
B26341,1976-07-14,249.6,alto,51.38199999999964,4.857732279786729,475.7,126.0,0.5247004414546983,,,False
B26424,2008-02-03,-1.0,negativo,4717.251080000031,-0.0002119878681547715,206.38,-1.0,-0.004845430758794457,,,False
B26424,2008-02-04,-1.0,negativo,4717.251080000031,-0.0002119878681547715,-1.0,-1.0,,,,False
B26424,2008-02-05,-1.0,negativo,4717.251080000031,-0.0002119878681547715,-1.0,186.71,-0.005355899523324942,,,False
B26424,2008-02-07,-1.0,negativo,4717.251080000031,-0.0002119878681547715,186.71,-1.0,-0.005355899523324942,,,False
B26424,2008-02-08,-1.0,negativo,4717.251080000031,-0.0002119878681547715,-1.0,-1.0,,,,False
B26424,2008-02-09,-1.0,negativo,4717.251080000031,-0.0002119878681547715,-1.0,132.25,-0.007561436672967864,,,False
B26424,2008-02-15,-1.0,negativo,4717.251080000031,-0.0002119878681547715,188.4,-1.0,-0.005307855626326964,,,False
B26424,2008-02-16,-1.0,negativo,4717.251080000031,-0.0002119878681547715,-1.0,158.25,-0.00631911532385466,,,False
B26424,2008-02-19,-1.0,negativo,4717.251080000031,-0.0002119878681547715,204.17,-1.0,-0.004897879218298477,,,False
B26424,2008-02-20,-1.0,negativo,4717.251080000031,-0.0002119878681547715,-1.0,188.32,-0.005310110450297366,,,False
B26424,2008-02-27,-1.0,negativo,4717.251080000031,-0.0002119878681547715,192.98,-1.0,-0.005181884133070785,,,False
B26424,2008-02-28,-1.0,negativo,4717.251080000031,-0.0002119878681547715,-1.0,-1.0,,,,False
B26424,2008-02-29,-1.0,negativo,4717.251080000031,-0.0002119878681547715,-1.0,-1.0,,,,False
B26424,2008-03-01,-1.0,negativo,4717.251080000031,-0.0002119878681547715,-1.0,-1.0,,,,False
B26424,2008-03-02,-1.0,negativo,4717.251080000031,-0.0002119878681547715,-1.0,-1.0,,,,False
B26424,2008-03-03,-1.0,negativo,4717.251080000031,-0.0002119878681547715,-1.0,-1.0,,,,False
B26424,2008-03-04,-1.0,negativo,4717.251080000031,-0.0002119878681547715,-1.0,202.67,-0.004934129372872157,,,False
B26424,2008-03-06,-1.0,negativo,4717.251080000031,-0.0002119878681547715,202.67,-1.0,-0.004934129372872157,,,False
B26424,2008-03-07,-1.0,negativo,4717.251080000031,-0.0002119878681547715,-1.0,196.99,-0.005076399817249606,,,False
B26424,2008-03-12,-1.0,negativo,4717.251080000031,-0.0002119878681547715,141.17,-1.0,-0.007083658000991712,,,False
B26424,2008-03-13,-1.0,negativo,4717.251080000031,-0.0002119878681547715,-1.0,-1.0,,,,False
B26424,2008-03-14,-1.0,negativo,4717.251080000031,-0.0002119878681547715,-1.0,-1.0,,,,False
B26424,2008-03-15,-1.0,negativo,4717.251080000031,-0.0002119878681547715,-1.0,-1.0,,,,False
B26424,2008-03-16,-1.0,negativo,4717.251080000031,-0.0002119878681547715,-1.0,-1.0,,,,False
B26424,2008-03-17,-1.0,negativo,4717.251080000031,-0.0002119878681547715,-1.0,-1.0,,,,False
B26424,2008-03-18,-1.0,negativo,4717.251080000031,-0.0002119878681547715,-1.0,-1.0,,,,False
B26424,2008-03-19,-1.0,negativo,4717.251080000031,-0.0002119878681547715,-1.0,-1.0,,,,False
B26424,2008-03-20,-1.0,negativo,4717.251080000031,-0.0002119878681547715,-1.0,147.63,-0.0067736909842173,,,False
B26424,2008-03-22,-1.0,negativo,4717.251080000031,-0.0002119878681547715,147.63,172.82,-0.005786367318597385,,,False
B26424,2008-03-25,-1.0,negativo,4717.251080000031,-0.0002119878681547715,160.43,-1.0,-0.006233248145608676,,,False
B26424,2008-03-26,-1.0,negativo,4717.251080000031,-0.0002119878681547715,-1.0,148.03,-0.006755387421468621,,,False
B26424,2008-03-28,-1.0,negativo,4717.251080000031,-0.0002119878681547715,148.03,-1.0,-0.006755387421468621,,,False
B26424,2008-03-29,-1.0,negativo,4717.251080000031,-0.0002119878681547715,-1.0,-1.0,,,,False
B26424,2008-03-30,-1.0,negativo,4717.251080000031,-0.0002119878681547715,-1.0,-1.0,,,,False
B26424,2008-03-31,-1.0,negativo,4717.251080000031,-0.0002119878681547715,-1.0,-1.0,,,,False
B26424,2008-04-01,-1.0,negativo,4717.251080000031,-0.0002119878681547715,-1.0,-1.0,,,,False
B26424,2008-04-02,-1.0,negativo,4717.251080000031,-0.0002119878681547715,-1.0,-1.0,,,,False
B26424,2008-04-03,-1.0,negativo,4717.251080000031,-0.0002119878681547715,-1.0,168.96,-0.005918560606060606,,,False
B26424,2008-04-08,-1.0,negativo,4717.251080000031,-0.0002119878681547715,191.52,-1.0,-0.0052213868003341685,,,False
B26424,2008-04-09,-1.0,negativo,4717.251080000031,-0.0002119878681547715,-1.0,-1.0,,,,False
B26424,2008-04-10,-1.0,negativo,4717.251080000031,-0.0002119878681547715,-1.0,-1.0,,,,False
B26424,2008-04-11,-1.0,negativo,4717.251080000031,-0.0002119878681547715,-1.0,-1.0,,,,False
B26424,2008-04-12,-1.0,negativo,4717.251080000031,-0.0002119878681547715,-1.0,-1.0,,,,False
B26424,2008-04-13,-1.0,negativo,4717.251080000031,-0.0002119878681547715,-1.0,-1.0,,,,False
B26424,2008-04-14,-1.0,negativo,4717.251080000031,-0.0002119878681547715,-1.0,-1.0,,,,False
B26424,2008-04-15,-1.0,negativo,4717.251080000031,-0.0002119878681547715,-1.0,-1.0,,,,False
B26424,2008-04-16,-1.0,negativo,4717.251080000031,-0.0002119878681547715,-1.0,-1.0,,,,False
B26424,2008-04-17,-1.0,negativo,4717.251080000031,-0.0002119878681547715,-1.0,139.31,-0.007178235589692054,,,False
B26424,2008-04-22,-1.0,negativo,4717.251080000031,-0.0002119878681547715,181.88,-1.0,-0.005498130635583902,,,False
B26424,2008-04-23,-1.0,negativo,4717.251080000031,-0.0002119878681547715,-1.0,-1.0,,,,False
B26424,2008-04-24,-1.0,negativo,4717.251080000031,-0.0002119878681547715,-1.0,-1.0,,,,False
B26424,2008-04-25,-1.0,negativo,4717.251080000031,-0.0002119878681547715,-1.0,-1.0,,,,False
B26424,2008-04-26,-1.0,negativo,4717.251080000031,-0.0002119878681547715,-1.0,-1.0,,,,False
B26424,2008-04-27,-1.0,negativo,4717.251080000031,-0.0002119878681547715,-1.0,-1.0,,,,False
B26424,2008-04-28,-1.0,negativo,4717.251080000031,-0.0002119878681547715,-1.0,175.99,-0.005682141030740382,,,False
B26424,2008-05-08,-1.0,negativo,4717.251080000031,-0.0002119878681547715,231.17,-1.0,-0.004325820824501449,,,False
B26424,2008-05-09,-1.0,negativo,4717.251080000031,-0.0002119878681547715,-1.0,-1.0,,,,False
B26424,2008-05-10,-1.0,negativo,4717.251080000031,-0.0002119878681547715,-1.0,-1.0,,,,False
B26424,2008-05-11,-1.0,negativo,4717.251080000031,-0.0002119878681547715,-1.0,-1.0,,,,False
B26424,2008-05-12,-1.0,negativo,4717.251080000031,-0.0002119878681547715,-1.0,166.03,-0.006023007890140336,,,False
B26424,2008-05-23,-1.0,negativo,4717.251080000031,-0.0002119878681547715,186.18,-1.0,-0.005371146202599634,,,False
B26424,2008-05-24,-1.0,negativo,4717.251080000031,-0.0002119878681547715,-1.0,-1.0,,,,False
B26424,2008-05-25,-1.0,negativo,4717.251080000031,-0.0002119878681547715,-1.0,-1.0,,,,False
B26424,2008-05-26,-1.0,negativo,4717.251080000031,-0.0002119878681547715,-1.0,-1.0,,,,False
B26424,2008-05-27,-1.0,negativo,4717.251080000031,-0.0002119878681547715,-1.0,139.88,-0.007148984844152131,,,False
B26424,2008-06-04,-1.0,negativo,4717.251080000031,-0.0002119878681547715,208.02,-1.0,-0.004807230074031343,,,False
B26424,2008-06-05,-1.0,negativo,4717.251080000031,-0.0002119878681547715,-1.0,-1.0,,,,False
B26424,2008-06-06,-1.0,negativo,4717.251080000031,-0.0002119878681547715,-1.0,-1.0,,,,False
B26424,2008-06-07,-1.0,negativo,4717.251080000031,-0.0002119878681547715,-1.0,-1.0,,,,False
B26424,2008-06-08,-1.0,negativo,4717.251080000031,-0.0002119878681547715,-1.0,176.09,-0.005678914191606565,,,False
B26424,2009-01-20,-1.0,negativo,4717.251080000031,-0.0002119878681547715,321.75,-1.0,-0.003108003108003108,,,False
B26424,2009-01-21,-1.0,negativo,4717.251080000031,-0.0002119878681547715,-1.0,-1.0,,,,False
B26424,2009-01-22,-1.0,negativo,4717.251080000031,-0.0002119878681547715,-1.0,-1.0,,,,False
B26424,2009-01-23,-1.0,negativo,4717.251080000031,-0.0002119878681547715,-1.0,-1.0,,,,False
B26424,2009-01-24,-1.0,negativo,4717.251080000031,-0.0002119878681547715,-1.0,-1.0,,,,False
B26424,2009-01-25,-1.0,negativo,4717.251080000031,-0.0002119878681547715,-1.0,-1.0,,,,False
B26424,2009-01-26,-1.0,negativo,4717.251080000031,-0.0002119878681547715,-1.0,272.95,-0.003663674665689687,,,False
B26424,2009-01-28,-1.0,negativo,4717.251080000031,-0.0002119878681547715,272.95,278.93,-0.0035851288853834293,,,False
B26424,2009-02-04,-1.0,negativo,4717.251080000031,-0.0002119878681547715,408.15,-1.0,-0.0024500796275878966,,,False
B26424,2009-02-05,-1.0,negativo,4717.251080000031,-0.0002119878681547715,-1.0,-1.0,,,,False
B26424,2009-02-06,-1.0,negativo,4717.251080000031,-0.0002119878681547715,-1.0,-1.0,,,,False
B26424,2009-02-07,-1.0,negativo,4717.251080000031,-0.0002119878681547715,-1.0,-1.0,,,,False
B26424,2009-02-08,-1.0,negativo,4717.251080000031,-0.0002119878681547715,-1.0,-1.0,,,,False
B26424,2009-02-09,-1.0,negativo,4717.251080000031,-0.0002119878681547715,-1.0,-1.0,,,,False
B26424,2009-02-10,-1.0,negativo,4717.251080000031,-0.0002119878681547715,-1.0,197.16,-0.005072022722661797,,,False
B26424,2009-02-15,-1.0,negativo,4717.251080000031,-0.0002119878681547715,224.57,-1.0,-0.004452954535334195,,,False
B26424,2009-02-16,-1.0,negativo,4717.251080000031,-0.0002119878681547715,-1.0,396.48,-0.002522195318805488,,,False
B26424,2009-02-20,-1.0,negativo,4717.251080000031,-0.0002119878681547715,392.75,422.67,-0.002365911940757565,,,False
B26424,2009-02-22,-1.0,negativo,4717.251080000031,-0.0002119878681547715,422.67,-1.0,-0.002365911940757565,,,False
B26424,2009-02-23,-1.0,negativo,4717.251080000031,-0.0002119878681547715,-1.0,-1.0,,,,False
B26424,2009-02-24,-1.0,negativo,4717.251080000031,-0.0002119878681547715,-1.0,305.82,-0.003269897325223988,,,False
B26424,2009-03-03,-1.0,negativo,4717.251080000031,-0.0002119878681547715,580.96,-1.0,-0.0017212889011291655,,,False
B26424,2009-03-04,-1.0,negativo,4717.251080000031,-0.0002119878681547715,-1.0,-1.0,,,,False
B26424,2009-03-05,-1.0,negativo,4717.251080000031,-0.0002119878681547715,-1.0,-1.0,,,,False
B26424,2009-03-06,-1.0,negativo,4717.251080000031,-0.0002119878681547715,-1.0,-1.0,,,,False
B26424,2009-03-07,-1.0,negativo,4717.251080000031,-0.0002119878681547715,-1.0,-1.0,,,,False
B26424,2009-03-08,-1.0,negativo,4717.251080000031,-0.0002119878681547715,-1.0,-1.0,,,,False
B26424,2009-03-09,-1.0,negativo,4717.251080000031,-0.0002119878681547715,-1.0,427.74,-0.002337868798803011,,,False
B26424,2009-04-13,-1.0,negativo,4717.251080000031,-0.0002119878681547715,466.1,-1.0,-0.002145462347135808,,,False
B26424,2009-04-14,-1.0,negativo,4717.251080000031,-0.0002119878681547715,-1.0,-1.0,,,,False
B26424,2009-04-15,-1.0,negativo,4717.251080000031,-0.0002119878681547715,-1.0,635.25,-0.0015741833923652105,,,False
B26424,2009-04-27,-1.0,negativo,4717.251080000031,-0.0002119878681547715,462.5,-1.0,-0.002162162162162162,,,False
B26424,2009-04-28,-1.0,negativo,4717.251080000031,-0.0002119878681547715,-1.0,-1.0,,,,False
B26424,2009-04-29,-1.0,negativo,4717.251080000031,-0.0002119878681547715,-1.0,-1.0,,,,False
B26424,2009-04-30,-1.0,negativo,4717.251080000031,-0.0002119878681547715,-1.0,-1.0,,,,False
B26424,2009-05-01,-1.0,negativo,4717.251080000031,-0.0002119878681547715,-1.0,-1.0,,,,False
B26424,2009-05-02,-1.0,negativo,4717.251080000031,-0.0002119878681547715,-1.0,403.01,-0.0024813280067492124,,,False
B26424,2009-05-11,-1.0,negativo,4717.251080000031,-0.0002119878681547715,294.95,-1.0,-0.0033904051534158334,,,False
B26424,2009-05-12,-1.0,negativo,4717.251080000031,-0.0002119878681547715,-1.0,-1.0,,,,False
B26424,2009-05-13,-1.0,negativo,4717.251080000031,-0.0002119878681547715,-1.0,-1.0,,,,False
B26424,2009-05-14,-1.0,negativo,4717.251080000031,-0.0002119878681547715,-1.0,-1.0,,,,False
B26424,2009-05-15,-1.0,negativo,4717.251080000031,-0.0002119878681547715,-1.0,-1.0,,,,False
B26424,2009-05-16,-1.0,negativo,4717.251080000031,-0.0002119878681547715,-1.0,318.76,-0.0031371564813652904,,,False
B26424,2009-06-11,-1.0,negativo,4717.251080000031,-0.0002119878681547715,406.07,-1.0,-0.002462629595882483,,,False
B26424,2009-06-12,-1.0,negativo,4717.251080000031,-0.0002119878681547715,-1.0,-1.0,,,,False
B26424,2009-06-13,-1.0,negativo,4717.251080000031,-0.0002119878681547715,-1.0,-1.0,,,,False
B26424,2009-06-14,-1.0,negativo,4717.251080000031,-0.0002119878681547715,-1.0,145.72,-0.006862475981334065,,,False
B26424,2009-07-27,-1.0,negativo,4717.251080000031,-0.0002119878681547715,132.81,-1.0,-0.0075295534974775995,,,False
B26424,2009-07-28,-1.0,negativo,4717.251080000031,-0.0002119878681547715,-1.0,-1.0,,,,False
B26424,2009-07-29,-1.0,negativo,4717.251080000031,-0.0002119878681547715,-1.0,-1.0,,,,False
B26424,2009-07-30,-1.0,negativo,4717.251080000031,-0.0002119878681547715,-1.0,-1.0,,,,False
B26424,2009-07-31,-1.0,negativo,4717.251080000031,-0.0002119878681547715,-1.0,174.76,-0.005722133211261159,,,False
B26424,2009-08-11,-1.0,negativo,4717.251080000031,-0.0002119878681547715,113.56,-1.0,-0.008805917576611482,,,False
B26424,2009-08-12,-1.0,negativo,4717.251080000031,-0.0002119878681547715,-1.0,-1.0,,,,False
B26424,2009-08-13,-1.0,negativo,4717.251080000031,-0.0002119878681547715,-1.0,-1.0,,,,False
B26424,2009-08-14,-1.0,negativo,4717.251080000031,-0.0002119878681547715,-1.0,-1.0,,,,False
B26424,2009-08-15,-1.0,negativo,4717.251080000031,-0.0002119878681547715,-1.0,284.36,-0.0035166690111126738,,,False
B26424,2009-08-23,-1.0,negativo,4717.251080000031,-0.0002119878681547715,160.36,-1.0,-0.006235969069593414,,,False
B26424,2009-08-24,-1.0,negativo,4717.251080000031,-0.0002119878681547715,-1.0,-1.0,,,,False
B26424,2009-08-25,-1.0,negativo,4717.251080000031,-0.0002119878681547715,-1.0,-1.0,,,,False
B26424,2009-08-26,-1.0,negativo,4717.251080000031,-0.0002119878681547715,-1.0,-1.0,,,,False
B26424,2009-08-27,-1.0,negativo,4717.251080000031,-0.0002119878681547715,-1.0,226.27,-0.0044194988288328105,,,False
B26424,2010-01-27,-1.0,negativo,4717.251080000031,-0.0002119878681547715,231.21,-1.0,-0.004325072444963453,,,False
B26424,2010-01-28,-1.0,negativo,4717.251080000031,-0.0002119878681547715,-1.0,277.32,-0.0036059425933939134,,,False
B26424,2010-03-06,-1.0,negativo,4717.251080000031,-0.0002119878681547715,222.07,-1.0,-0.004503084612959877,,,False
B26424,2010-03-07,-1.0,negativo,4717.251080000031,-0.0002119878681547715,-1.0,217.89,-0.004589471751801368,,,False
B26424,2010-03-21,-1.0,negativo,4717.251080000031,-0.0002119878681547715,272.02,-1.0,-0.0036762002793912217,,,False
B26424,2010-03-22,-1.0,negativo,4717.251080000031,-0.0002119878681547715,-1.0,-1.0,,,,False
B26424,2010-03-23,-1.0,negativo,4717.251080000031,-0.0002119878681547715,-1.0,-1.0,,,,False
B26424,2010-03-24,-1.0,negativo,4717.251080000031,-0.0002119878681547715,-1.0,-1.0,,,,False
B26424,2010-03-25,-1.0,negativo,4717.251080000031,-0.0002119878681547715,-1.0,-1.0,,,,False
B26424,2010-03-26,-1.0,negativo,4717.251080000031,-0.0002119878681547715,-1.0,213.38,-0.004686474833630144,,,False
B26424,2010-03-28,-1.0,negativo,4717.251080000031,-0.0002119878681547715,213.38,187.67,-0.004686474833630144,,,False
B26424,2010-04-02,-1.0,negativo,4717.251080000031,-0.0002119878681547715,170.17,-1.0,-0.005876476464711759,,,False
B26424,2010-04-03,-1.0,negativo,4717.251080000031,-0.0002119878681547715,-1.0,-1.0,,,,False
B26424,2010-04-04,-1.0,negativo,4717.251080000031,-0.0002119878681547715,-1.0,-1.0,,,,False
B26424,2010-04-05,-1.0,negativo,4717.251080000031,-0.0002119878681547715,-1.0,-1.0,,,,False
B26424,2010-04-06,-1.0,negativo,4717.251080000031,-0.0002119878681547715,-1.0,163.46,-0.006117704637220115,,,False
B26424,2010-04-08,-1.0,negativo,4717.251080000031,-0.0002119878681547715,163.46,182.32,-0.005484861781483107,,,False
B26424,2010-05-03,-1.0,negativo,4717.251080000031,-0.0002119878681547715,304.49,-1.0,-0.0032841801044369272,,,False
B26424,2010-05-04,-1.0,negativo,4717.251080000031,-0.0002119878681547715,-1.0,-1.0,,,,False
B26424,2010-05-05,-1.0,negativo,4717.251080000031,-0.0002119878681547715,-1.0,-1.0,,,,False
B26424,2010-05-06,-1.0,negativo,4717.251080000031,-0.0002119878681547715,-1.0,143.66,-0.006960879855213699,,,False
B26424,2010-05-16,-1.0,negativo,4717.251080000031,-0.0002119878681547715,233.51,-1.0,-0.004282471842747634,,,False
B26424,2010-05-17,-1.0,negativo,4717.251080000031,-0.0002119878681547715,-1.0,291.92,-0.0034255960537133458,,,False
B26424,2010-05-30,-1.0,negativo,4717.251080000031,-0.0002119878681547715,308.05,-1.0,-0.0032462262619704593,,,False
B26424,2010-05-31,-1.0,negativo,4717.251080000031,-0.0002119878681547715,-1.0,-1.0,,,,False
B26424,2010-06-01,-1.0,negativo,4717.251080000031,-0.0002119878681547715,-1.0,-1.0,,,,False
B26424,2010-06-02,-1.0,negativo,4717.251080000031,-0.0002119878681547715,-1.0,180.42,-0.005542622769094336,,,False
B26424,2010-06-15,-1.0,negativo,4717.251080000031,-0.0002119878681547715,261.69,-1.0,-0.003821315296725133,,,False
B26424,2010-06-16,-1.0,negativo,4717.251080000031,-0.0002119878681547715,-1.0,-1.0,,,,False
B26424,2010-06-17,-1.0,negativo,4717.251080000031,-0.0002119878681547715,-1.0,175.74,-0.005690224194833276,,,False
B26424,2010-12-18,-1.0,negativo,4717.251080000031,-0.0002119878681547715,164.82,-1.0,-0.006067224851352991,,,False
B26424,2010-12-19,-1.0,negativo,4717.251080000031,-0.0002119878681547715,-1.0,-1.0,,,,False
B26424,2010-12-20,-1.0,negativo,4717.251080000031,-0.0002119878681547715,-1.0,-1.0,,,,False
B26424,2010-12-21,-1.0,negativo,4717.251080000031,-0.0002119878681547715,-1.0,-1.0,,,,False
B26424,2010-12-22,-1.0,negativo,4717.251080000031,-0.0002119878681547715,-1.0,-1.0,,,,False
B26424,2010-12-23,-1.0,negativo,4717.251080000031,-0.0002119878681547715,-1.0,-1.0,,,,False
B26424,2010-12-24,-1.0,negativo,4717.251080000031,-0.0002119878681547715,-1.0,126.65,-0.007895775759968417,,,False
B26424,2010-12-28,-1.0,negativo,4717.251080000031,-0.0002119878681547715,158.03,-1.0,-0.006327912421692084,,,False
B26424,2010-12-29,-1.0,negativo,4717.251080000031,-0.0002119878681547715,-1.0,-1.0,,,,False
B26424,2010-12-30,-1.0,negativo,4717.251080000031,-0.0002119878681547715,-1.0,-1.0,,,,False
B26424,2010-12-31,-1.0,negativo,4717.251080000031,-0.0002119878681547715,-1.0,-1.0,,,,False
B26424,2011-01-01,-1.0,negativo,4717.251080000031,-0.0002119878681547715,-1.0,-1.0,,,,False
B26424,2011-01-02,-1.0,negativo,4717.251080000031,-0.0002119878681547715,-1.0,-1.0,,,,False
B26424,2011-01-03,-1.0,negativo,4717.251080000031,-0.0002119878681547715,-1.0,-1.0,,,,False
B26424,2011-01-04,-1.0,negativo,4717.251080000031,-0.0002119878681547715,-1.0,-1.0,,,,False
B26424,2011-01-05,-1.0,negativo,4717.251080000031,-0.0002119878681547715,-1.0,-1.0,,,,False
B26424,2011-01-06,-1.0,negativo,4717.251080000031,-0.0002119878681547715,-1.0,-1.0,,,,False
B26424,2011-01-07,-1.0,negativo,4717.251080000031,-0.0002119878681547715,-1.0,95.06,-0.010519671786240269,,,False
B26424,2011-01-16,-1.0,negativo,4717.251080000031,-0.0002119878681547715,121.25,-1.0,-0.008247422680412371,,,False
B26424,2011-01-17,-1.0,negativo,4717.251080000031,-0.0002119878681547715,-1.0,-1.0,,,,False
B26424,2011-01-18,-1.0,negativo,4717.251080000031,-0.0002119878681547715,-1.0,-1.0,,,,False
B26424,2011-01-19,-1.0,negativo,4717.251080000031,-0.0002119878681547715,-1.0,139.12,-0.00718803910293272,,,False
B26424,2011-01-26,-1.0,negativo,4717.251080000031,-0.0002119878681547715,76.41,-1.0,-0.013087292239235703,,,False
B26424,2011-01-27,-1.0,negativo,4717.251080000031,-0.0002119878681547715,-1.0,-1.0,,,,False
B26424,2011-01-28,-1.0,negativo,4717.251080000031,-0.0002119878681547715,-1.0,-1.0,,,,False
B26424,2011-01-29,-1.0,negativo,4717.251080000031,-0.0002119878681547715,-1.0,-1.0,,,,False
B26424,2011-01-30,-1.0,negativo,4717.251080000031,-0.0002119878681547715,-1.0,-1.0,,,,False
B26424,2011-01-31,-1.0,negativo,4717.251080000031,-0.0002119878681547715,-1.0,172.89,-0.005784024524263983,,,False
B26424,2011-02-03,-1.0,negativo,4717.251080000031,-0.0002119878681547715,96.87,111.44,-0.008973438621679828,,,False
B26424,2011-02-07,-1.0,negativo,4717.251080000031,-0.0002119878681547715,100.48,-1.0,-0.009952229299363057,,,False
B26424,2011-02-08,-1.0,negativo,4717.251080000031,-0.0002119878681547715,-1.0,-1.0,,,,False
B26424,2011-02-09,-1.0,negativo,4717.251080000031,-0.0002119878681547715,-1.0,-1.0,,,,False
B26424,2011-02-10,-1.0,negativo,4717.251080000031,-0.0002119878681547715,-1.0,-1.0,,,,False
B26424,2011-02-11,-1.0,negativo,4717.251080000031,-0.0002119878681547715,-1.0,-1.0,,,,False
B26424,2011-02-12,-1.0,negativo,4717.251080000031,-0.0002119878681547715,-1.0,-1.0,,,,False
B26424,2011-02-13,-1.0,negativo,4717.251080000031,-0.0002119878681547715,-1.0,-1.0,,,,False
B26424,2011-02-14,-1.0,negativo,4717.251080000031,-0.0002119878681547715,-1.0,-1.0,,,,False
B26424,2011-02-15,-1.0,negativo,4717.251080000031,-0.0002119878681547715,-1.0,-1.0,,,,False
B26424,2011-02-16,-1.0,negativo,4717.251080000031,-0.0002119878681547715,-1.0,-1.0,,,,False
B26424,2011-02-17,-1.0,negativo,4717.251080000031,-0.0002119878681547715,-1.0,-1.0,,,,False
B26424,2011-02-18,-1.0,negativo,4717.251080000031,-0.0002119878681547715,-1.0,-1.0,,,,False
B26424,2011-02-19,-1.0,negativo,4717.251080000031,-0.0002119878681547715,-1.0,90.26,-0.011079104808331486,,,False
B26424,2011-02-22,-1.0,negativo,4717.251080000031,-0.0002119878681547715,92.4,-1.0,-0.010822510822510822,,,False
B26424,2011-02-23,-1.0,negativo,4717.251080000031,-0.0002119878681547715,-1.0,-1.0,,,,False
B26424,2011-02-24,-1.0,negativo,4717.251080000031,-0.0002119878681547715,-1.0,-1.0,,,,False
B26424,2011-02-25,-1.0,negativo,4717.251080000031,-0.0002119878681547715,-1.0,-1.0,,,,False
B26424,2011-02-26,-1.0,negativo,4717.251080000031,-0.0002119878681547715,-1.0,-1.0,,,,False
B26424,2011-02-27,-1.0,negativo,4717.251080000031,-0.0002119878681547715,-1.0,-1.0,,,,False
B26424,2011-02-28,-1.0,negativo,4717.251080000031,-0.0002119878681547715,-1.0,-1.0,,,,False
B26424,2011-03-01,-1.0,negativo,4717.251080000031,-0.0002119878681547715,-1.0,-1.0,,,,False
B26424,2011-03-02,-1.0,negativo,4717.251080000031,-0.0002119878681547715,-1.0,133.71,-0.007478872186074339,,,False
B26424,2011-03-11,-1.0,negativo,4717.251080000031,-0.0002119878681547715,120.74,-1.0,-0.00828225940036442,,,False
B26424,2011-03-12,-1.0,negativo,4717.251080000031,-0.0002119878681547715,-1.0,-1.0,,,,False
B26424,2011-03-13,-1.0,negativo,4717.251080000031,-0.0002119878681547715,-1.0,-1.0,,,,False
B26424,2011-03-14,-1.0,negativo,4717.251080000031,-0.0002119878681547715,-1.0,-1.0,,,,False
B26424,2011-03-15,-1.0,negativo,4717.251080000031,-0.0002119878681547715,-1.0,-1.0,,,,False
B26424,2011-03-16,-1.0,negativo,4717.251080000031,-0.0002119878681547715,-1.0,-1.0,,,,False
B26424,2011-03-17,-1.0,negativo,4717.251080000031,-0.0002119878681547715,-1.0,-1.0,,,,False
B26424,2011-03-18,-1.0,negativo,4717.251080000031,-0.0002119878681547715,-1.0,123.55,-0.008093889113719142,,,False
B26424,2011-03-23,-1.0,negativo,4717.251080000031,-0.0002119878681547715,116.07,-1.0,-0.008615490652192644,,,False
B26424,2011-03-24,-1.0,negativo,4717.251080000031,-0.0002119878681547715,-1.0,-1.0,,,,False
B26424,2011-03-25,-1.0,negativo,4717.251080000031,-0.0002119878681547715,-1.0,-1.0,,,,False
B26424,2011-03-26,-1.0,negativo,4717.251080000031,-0.0002119878681547715,-1.0,-1.0,,,,False
B26424,2011-03-27,-1.0,negativo,4717.251080000031,-0.0002119878681547715,-1.0,-1.0,,,,False
B26424,2011-03-28,-1.0,negativo,4717.251080000031,-0.0002119878681547715,-1.0,104.57,-0.009562972171750981,,,False
B26424,2011-04-06,-1.0,negativo,4717.251080000031,-0.0002119878681547715,140.98,-1.0,-0.007093204709887928,,,False
B26424,2011-04-07,-1.0,negativo,4717.251080000031,-0.0002119878681547715,-1.0,-1.0,,,,False
B26424,2011-04-08,-1.0,negativo,4717.251080000031,-0.0002119878681547715,-1.0,-1.0,,,,False
B26424,2011-04-09,-1.0,negativo,4717.251080000031,-0.0002119878681547715,-1.0,-1.0,,,,False
B26424,2011-04-10,-1.0,negativo,4717.251080000031,-0.0002119878681547715,-1.0,-1.0,,,,False
B26424,2011-04-11,-1.0,negativo,4717.251080000031,-0.0002119878681547715,-1.0,-1.0,,,,False
B26424,2011-04-12,-1.0,negativo,4717.251080000031,-0.0002119878681547715,-1.0,-1.0,,,,False
B26424,2011-04-13,-1.0,negativo,4717.251080000031,-0.0002119878681547715,-1.0,-1.0,,,,False
B26424,2011-04-14,-1.0,negativo,4717.251080000031,-0.0002119878681547715,-1.0,128.72,-0.007768800497203232,,,False
B26424,2011-04-20,-1.0,negativo,4717.251080000031,-0.0002119878681547715,137.99,-1.0,-0.007246901949416624,,,False
B26424,2011-04-21,-1.0,negativo,4717.251080000031,-0.0002119878681547715,-1.0,-1.0,,,,False
B26424,2011-04-22,-1.0,negativo,4717.251080000031,-0.0002119878681547715,-1.0,-1.0,,,,False
B26424,2011-04-23,-1.0,negativo,4717.251080000031,-0.0002119878681547715,-1.0,-1.0,,,,False
B26424,2011-04-24,-1.0,negativo,4717.251080000031,-0.0002119878681547715,-1.0,-1.0,,,,False
B26424,2011-04-25,-1.0,negativo,4717.251080000031,-0.0002119878681547715,-1.0,77.47,-0.012908222537756552,,,False
B26470,2004-02-09,605.29,alto,133.29824000000022,4.540870157025322,0.79,343.47,1.7622790927883074,,,False
B26470,2004-03-02,701.08,alto,133.29824000000022,5.259484296266769,62.17,508.42,1.3789386727508752,,,False
B26470,2004-03-03,508.42,alto,133.29824000000022,3.8141538853026056,701.08,0.81,0.7251954127916928,,,False
B26807,2011-06-30,93.31,alto,28.852000000000153,3.2340912241785493,0.21,15.38,6.066970091027308,,,False
B27006,1999-10-05,1691.26,alto,551.7665600000004,3.0651730688427348,553.97,389.77,3.052981208368684,,,False
BRAGJ,2017-05-31,713.15,alto,145.68532000000008,4.895139743661198,82.22,62.7,8.673680369739722,8476.1,0.08413657224431047,True
CAINR,2005-01-01,3032.0,alto,852.1426350000006,3.5580897791835024,3.0,3098.0,0.9786959328599096,,,False
CAINR,2005-01-02,3098.0,alto,852.1426350000006,3.6355416015535917,3032.0,3.19,1.0217678100263852,,,False
CALMX,2006-04-17,318.0,alto,96.64888000000002,3.2902605803605787,0.19,0.14,1673.6842105263158,229.6,1.3850174216027875,True
CHPMX,2012-08-07,3.94,alto,0.492599999999984,7.998375964271474,0.01,0.01,394.0,36.4,0.10824175824175825,True
CHPMX,2023-08-03,27.0,alto,0.492599999999984,54.811205846530406,0.0,0.0,,36.4,0.7417582417582418,True
CMNMC,2006-09-27,9527.0,alto,3104.7432500000054,3.068530707007732,764.0,899.2,10.594973309608541,,,True
CORMC,1999-04-24,9008.0,alto,1570.2021500002108,5.736840953885326,9.43,7.24,955.2492046659597,,,False
CORMC,2005-07-10,20661.0,alto,1570.2021500002108,13.158178391232763,20.67,15.08,999.5645863570392,,,False
CORMC,2010-10-09,17855.0,alto,1570.2021500002108,11.37114733921209,19.09,16646.0,1.0726300612759823,,,False
CORMC,2010-10-10,16646.0,alto,1570.2021500002108,10.601182784011451,17855.0,16.27,0.9322878745449454,,,False
CRDMR,2015-12-30,1157.47,alto,4.943949999999513,234.118468026601,1.94,1.94,596.6340206185567,,,True
CRDMR,2018-11-13,153.0,alto,4.943949999999513,30.946914916213768,0.0,0.15,1020.0,,,True
CRDMR,2019-02-11,1440.0,alto,4.943949999999513,291.2650815643649,1.49,1.45,966.4429530201343,,,True
CRDMR,2019-07-19,138.0,alto,4.943949999999513,27.912903649918302,0.15,0.14,920.0,,,True
CUAMR,2007-08-23,10237.0,alto,2159.6439999999784,4.740133096010315,1.73,2.76,3709.057971014493,351.5,29.12375533428165,True
CUAMR,2009-09-23,7645.0,alto,2159.6439999999784,3.539935285630445,7.77,4.87,983.9124839124839,351.5,21.74964438122333,True
CUNJL,2004-09-25,5666.2,alto,579.7103199999998,9.774192048194005,233.13,428.22,13.231983559852411,,,False
CXTJL,2003-09-14,705.32,alto,183.2693766666711,3.848542581572864,15.03,655.03,1.076775109536968,,,True
CXTJL,2003-09-15,655.03,alto,183.2693766666711,3.5741377632956293,705.32,32.41,0.9286990302274144,,,True
CXXMR,2017-10-07,846.0,alto,264.2639999999992,3.201344110435029,0.8225,887.0,0.9537767756482526,596.2,1.4189869171418985,True
CXXMR,2017-10-08,887.0,alto,264.2639999999992,3.356491992855639,846.0,0.62,1.0484633569739952,596.2,1.4877557866487754,True
CXXMR,2021-04-21,1332.0,alto,264.2639999999992,5.040414131323237,1.34,1.33,994.0298507462686,596.2,2.2341496142234147,True
CYUGJ,2021-09-25,528.95,alto,78.36885000000002,6.749492942667908,55.15,61.34,8.62324747310075,24.8,21.328629032258064,True
ECHGJ,2013-07-17,1403.0,alto,75.19703999999531,18.657649290451957,0.17,1.71,820.46783625731,239.0,5.870292887029288,True
EGIMC,2012-05-17,70344.0,alto,299.2312400000003,235.08240650274325,10.05,10.6,6636.22641509434,7135.1,9.858866729267984,True
ELCJL,2009-01-01,50277.0,alto,264.1944549999994,190.30300995530024,5.09,5.1,9858.235294117647,,,False
EMOMX,2023-12-25,816.0,alto,17.604559999999985,46.35162707843881,0.84,0.85,960.0,215.6,3.7847866419294993,True
ENNTP,2023-09-09,2256.0,alto,434.07915999997533,5.197208730315752,4.84,4.84,466.11570247933884,,,False
ENNTP,2025-02-02,3449.0,alto,434.07915999997533,7.945555368288577,5.8,5.8,594.6551724137931,,,False
ESTMR,2019-07-02,7074.0,alto,63.939039999995046,110.63663139140888,6.93,7.21,981.1373092926491,84.8,83.41981132075472,True
ESTMR,2019-10-31,6867.0,alto,63.939039999995046,107.39917271201651,7.34,7.26,935.5585831062671,84.8,80.97877358490567,True
JCRGJ,2013-10-22,2970.0,alto,92.74261999999948,32.024111460297505,3.76,2.23,789.8936170212767,,,False
K27MX,2007-06-26,10271.0,alto,36.75728000000003,279.42763991241986,9.48,9.6,1069.8958333333335,5267.7,1.9498073162860452,True
K27MX,2008-07-12,20267.0,alto,36.75728000000003,551.3737686792924,19.84,15.61,1021.5221774193549,5267.7,3.8474096854414643,True
K27MX,2010-01-08,21128.0,alto,36.75728000000003,574.797699938624,15.36,23.75,889.6,5267.7,4.01085862900317,True
LADGJ,2000-07-04,992.0,alto,84.68532999999826,11.713953290375327,3.215,5.8,171.0344827586207,3334.6,0.2974869549571163,True
LAYMX,1999-10-19,922.0,alto,67.4231000000006,13.674838445577135,7.09,6.28,130.0423131170663,1622.2,0.5683639501910985,True
LAYMX,2010-10-04,17068.0,alto,67.4231000000006,253.1476600749572,19.189999999999998,17.81,889.4215737363211,1622.2,10.521513993342374,True
LFLZC,2004-06-07,15349.8,alto,1853.76775,8.280325299649862,0.49,6.27,2448.133971291866,,,False
LPNMC,2010-08-10,8911.0,alto,1366.3400999999944,6.521802295050871,90.2,103.66,85.96372757090488,11551.1,0.7714416808788773,True
LPNMC,2024-10-04,4485.36,alto,1366.3400999999944,3.2827551500537955,1838.5466666666666,1242.3000000000002,2.439622600459783,11551.1,0.38830587563089225,True
LPZMC,2024-09-29,2136.67,alto,641.9455299999986,3.3284288154479476,72.74,91.96,23.23477598956068,4524.5,0.47224444690021,True
LSRTP,2025-02-02,1676.0,alto,449.2212000000071,3.7309013911186146,0.11,0.11,15236.363636363636,2782.2,0.6024009776435915,True
MGSTP,2010-09-07,22222.2,alto,3112.959829999933,7.13860801730952,,,,10907.4,2.037350789372353,True
MOLNR,2005-05-27,362.28,alto,24.77,14.625756964069438,0.38,0.38,953.3684210526314,,,False
PDSJL,1995-02-14,863.0,alto,187.3065999999893,4.607419065852722,0.97,0.76,889.6907216494845,,,False
PERGJ,2009-03-08,999.0,alto,285.8773400000128,3.4945057205301944,0.0,0.0,,9701.9,0.10296952143394593,True
PERMR,2017-08-17,44.2,alto,14.0,3.1571428571428575,1.4,8.97,4.927536231884058,150.3,0.2940785096473719,True
PERMR,2019-09-08,769.0,alto,14.0,54.92857142857143,0.83,1.93,398.4455958549223,150.3,5.116433799068529,True
PERMR,2019-10-31,1432.0,alto,14.0,102.28571428571429,0.0,1.13,1267.2566371681417,150.3,9.527611443779108,True
PPBMX,2002-12-12,422.59,alto,1.0377600000000007,407.2136139377117,0.47,0.51,828.6078431372548,,,False
PSNVC,2009-08-24,11111.1,alto,1914.9974500000126,5.8021487182658795,4.0,11111.1,1.0,3796.1,2.926977687626775,True
PSNVC,2009-08-25,11111.1,alto,1914.9974500000126,5.8021487182658795,11111.1,4.0,1.0,3796.1,2.926977687626775,True
PTCMX,2020-08-29,1915.0,alto,31.713989999999814,60.38344591771679,1.85,1.95,982.0512820512821,,,False
PTCMX,2023-08-17,2567.38,alto,31.713989999999814,80.95417826643747,,,,,,False
RQTSL,2010-08-16,33333.3,alto,999.27724,33.35740940121883,85.0,80.0,392.1564705882353,903.0,36.913953488372094,True
RQTSL,2010-08-20,33333.3,alto,999.27724,33.35740940121883,100.0,100.0,333.333,903.0,36.913953488372094,True
RTTHD,2012-10-27,22877.0,alto,346.4749999999858,66.02785193737192,22.25,22.89,999.4320664045434,5465.2,4.185940130278856,True
SAUJL,1998-08-21,999.0,alto,53.34385999999631,18.727553649099804,0.01,0.01,99900.0,177.9,5.6155143338954465,True
SAUJL,2004-06-30,356.0,alto,53.34385999999631,6.673682781861392,0.01,4.97,71.6297786720322,177.9,2.001124227093873,True
SB2MX,2014-04-16,5311.0,alto,90.12962000000005,58.926244224706565,5.14,5.08,1033.2684824902724,2137.7,2.4844458997988492,True
SCRJL,1998-08-23,67051.0,alto,918.2407300000347,73.02115644554067,46.42,41.85,1444.4420508401552,71129.3,0.942663571833267,True
SCRJL,2012-05-03,5966.0,alto,918.2407300000347,6.497206892575735,7.83,6.35,761.941251596424,71129.3,0.08387542123991097,True
SCRMC,2005-05-02,2954.0,alto,94.81637000000022,31.15495773567363,2.82,3.56,829.7752808988764,2226.9,1.3265077012887871,True
SGBTP,2013-09-18,1205.0,alto,376.57519999999823,3.199892079988288,70.0,274.88,4.383731082654249,4922.7,0.2447843663030451,True
SGRJL,2008-08-28,1500.0,alto,184.5972800000044,8.12579686981284,224.73,631.3,2.3760494218279744,4368.1,0.3433987317140175,True
SGRJL,2008-08-29,631.3,alto,184.5972800000044,3.4198770426085634,1500.0,150.08999999999997,0.4208666666666666,4368.1,0.14452507955403948,True
SL2GJ,1996-03-24,8752.75,alto,137.8571200000002,63.491461304283646,8.75,8.75,1000.3142857142857,8476.1,1.0326388315380894,True
SL2GJ,2023-05-08,15211.0,alto,137.8571200000002,110.33887839815584,15.28,5.21,995.4842931937173,8476.1,1.7945753353547031,True
SLAMX,2015-07-21,91.0,alto,5.0803300000000675,17.912222237531576,0.81,0.59,112.34567901234567,340.7,0.2670971529204579,True
SLAMX,2023-08-03,24.0,alto,5.0803300000000675,4.724102568140196,0.26,0.23,92.3076923076923,340.7,0.07044320516583505,True
SLMGJ,2000-07-17,1068.0,alto,316.4494600000068,3.3749465080457934,1.19,1.12,897.4789915966387,22261.9,0.04797434181269343,True
SLMGJ,2003-10-25,9595.44,alto,316.4494600000068,30.322187941163794,103.23,92.11,92.95204882301657,22261.9,0.4310252044973699,True
SLVGJ,2012-04-03,46198.0,alto,161.93084999999996,285.29461804220756,46.52,42.65,993.0782459157351,9288.5,4.973677127630942,True
SMLMX,2023-11-23,384.0,alto,63.682589999998974,6.029905504785628,0.35,0.29,1097.142857142857,24.7,15.546558704453442,True
SMLMX,2024-05-15,316.0,alto,63.682589999998974,4.962109738313173,0.42,0.38666666666666666,752.3809523809524,24.7,12.793522267206479,True
TBLSL,2010-12-13,3402.0,alto,524.7383199999973,6.483231489554674,35.0,34.2,97.2,18151.6,0.18742149452389872,True
TBLSL,2013-09-15,2171.99,alto,524.7383199999973,4.13918693797703,404.68000000000006,679.96,3.194290840637684,18151.6,0.11965832213138236,True
TEMGJ,2006-04-17,999.0,alto,86.94834999999281,11.489579733256383,,0.0,,,,False
TEMMR,1997-10-16,1947.0,alto,134.1080700000008,14.5181419731116,2.04,3.63,536.3636363636364,376.8,5.167197452229299,True
TEMMR,2002-09-14,546.05,alto,134.1080700000008,4.071716191277652,5.95,9.0,60.67222222222222,376.8,1.4491772823779192,True
TEMMR,2019-07-10,1596.0,alto,134.1080700000008,11.90084981463077,1.69,2.4,665.0,376.8,4.235668789808917,True
TEMMR,2019-10-31,10410.0,alto,134.1080700000008,77.62396401648266,10.96,9.58,949.8175182481751,376.8,27.627388535031848,True
TEMMR,2023-10-22,2034.0,alto,134.1080700000008,15.166872508119667,2.08,1.98,977.8846153846154,376.8,5.398089171974522,True
TEMMR,2025-02-24,1220.0,alto,134.1080700000008,9.097140835745327,1.22,1.21,1000.0,376.8,3.237791932059448,True
TESMX,2024-07-04,218.0,alto,4.740349999999844,45.98816543082413,0.38,0.22,573.6842105263158,106.2,2.0527306967984935,True
TESMX,2024-08-14,679.0,alto,4.740349999999844,143.23836847490637,0.71,0.63,956.3380281690141,106.2,6.393596986817325,True
TICMR,2006-08-17,1315.0,alto,160.67190000001614,8.18438071622896,0.76,0.2533333333333333,1730.2631578947369,1065.0,1.2347417840375587,True
TICMR,2007-09-06,1212.0,alto,160.67190000001614,7.5433227589882135,1.52,2.85,425.2631578947368,1065.0,1.1380281690140845,True
TMPVC,2008-01-10,33333.3,alto,2908.6176000000214,11.460186447334898,66.5,33333.3,1.0,5325.6,6.259069400630915,True
TMPVC,2008-01-11,33333.3,alto,2908.6176000000214,11.460186447334898,33333.3,60.0,1.0,5325.6,6.259069400630915,True
TMPVC,2009-06-22,66666.7,alto,2908.6176000000214,22.920407275263514,5.0,9999.0,6.667336733673367,5325.6,12.518157578488808,True
TMPVC,2009-06-23,9999.0,alto,2908.6176000000214,3.4377155663226153,66666.7,20.0,0.1499849250075375,5325.6,1.877534925642181,True
TMTSL,2013-09-15,4023.24,alto,954.84,4.2135226844288045,359.28,566.5,7.101924095322153,6901.0,0.5829937690189827,True
TROMX,1995-03-16,143.0,alto,35.087199999999115,4.075560318292814,0.11666666666666667,0.05,1225.7142857142858,54.4,2.6286764705882355,True
TROMX,1996-08-23,424.0,alto,35.087199999999115,12.084178845847223,0.44,0.42,963.6363636363636,54.4,7.794117647058823,True
TROMX,2008-02-04,216.0,alto,35.087199999999115,6.156091110148585,0.22,0.21,981.8181818181819,54.4,3.9705882352941178,True
TROMX,2023-07-21,500.0,alto,35.087199999999115,14.250210903121726,0.45,0.57,877.1929824561404,54.4,9.191176470588236,True
TROMX,2025-01-21,472.0,alto,35.087199999999115,13.452199092546909,0.44,0.45,1048.888888888889,54.4,8.676470588235293,True
XICMR,2019-10-31,123500.0,alto,35716.799999999756,3.4577565739372185,112.3,96.6,1099.73285841496,6114.0,20.19954203467452,True
YAHMR,2007-09-09,9097.0,alto,980.0699999998869,9.281990061935423,160.93,1.07,56.52768284347231,558.5,16.288272157564904,True
YURMC,2003-07-12,1934.58,alto,455.17749999999836,4.2501661439768155,224.87,174.82,8.603104015653487,35200.3,0.054959190688715714,True
YURMC,2017-11-11,1973.3,alto,455.17749999999836,4.335231860098548,7.57,7.46,260.67371202113605,35200.3,0.056059181313795614,True
ZCTMR,2006-09-04,39313.0,alto,7599.035999999956,5.173419365298471,5.01,51.22,767.5322139789145,1039.2,37.83006158583525,True
ZCTMR,2007-06-26,38730.0,alto,7599.035999999956,5.096699107623681,12.0,8.62,3227.5,1039.2,37.26905311778291,True
ZCTMR,2010-07-02,45840.0,alto,7599.035999999956,6.0323441025941005,19.42,15.566666666666668,2360.453141091658,1039.2,44.1108545034642,True
