unidad,region_unidad,VALUE,clave,region_estacion,tiene_poligono,partes,dist_estacion_poligono_m,area_km2_publicada
Cutzamala,18,1,ATOMX,12,True,1,136.4,0.8978843023820084
Cutzamala,18,2,CALMX,12,True,1,0.0,100.42361683449437
Cutzamala,18,3,IXCMX,12,True,1,155.8,23.40020358672421
Cutzamala,18,4,LAYMX,12,True,1,0.0,3.503882816873122
Cutzamala,18,5,SB2MX,12,True,1,0.0,110.8023367456212
Cutzamala,18,6,SMLMX,12,True,1,184.1,14.052361725911744
Cutzamala,18,7,TESMX,12,True,1,0.0,3.126574441160342
Cutzamala,18,8,TROMX,12,True,1,242.8,17.496259958342122
Lerma Alto,12,1,ATOMX,12,True,1,13.4,20.398164937009557
Lerma Alto,12,2,CALMX,12,True,1,0.0,12.580826664896334
Lerma Alto,12,3,IXCMX,12,True,1,431.7,7.21597942260206
Lerma Alto,12,4,LAYMX,12,True,1,0.0,32.81451074698054
Lerma Alto,12,5,SB2MX,12,True,1,339.7,60.91944287834595
Lerma Alto,12,6,SMLMX,12,True,1,0.0,2.6984142079530513
Lerma Alto,12,7,TJCMX,26,True,1,0.0,1.755008341285797
Lerma Alto,12,8,TROMX,12,True,1,0.0,18.691348202732264
Lerma Alto,12,9,EGIMC,12,True,1,73.6,1.3334052775981748
Bajio,12,1,ACSGJ,12,True,1,28.1,75.29598414388657
Bajio,12,2,AMCGJ,12,True,1,119.5,23.11614468972181
Bajio,12,3,ANSGJ,12,True,1,191.4,7.288480947536459
Bajio,12,4,BEGGJ,12,True,1,216.9,2.745786892092144
Bajio,12,5,BRAGJ,12,False,0,,
Bajio,12,6,CEYGJ,12,True,1,0.0,0.005313380633713022
Bajio,12,7,CSTGJ,12,True,1,120.0,15.998277278632315
Bajio,12,8,CYUGJ,12,True,1,212.0,0.8983869841922593
Bajio,12,9,ECBGJ,12,True,1,63.8,48.89443468120749
Bajio,12,10,ECHGJ,12,True,1,0.0,0.9120280207756941
Bajio,12,11,LADGJ,12,True,1,0.0,7.0685698644358945
Bajio,12,12,PERGJ,12,True,1,2.5,34.78462904302963
Bajio,12,13,SL2GJ,12,True,1,15.7,41.94999946467855
Bajio,12,14,SLCGJ,12,True,1,15.9,10.661583046225088
Bajio,12,15,SLMGJ,12,True,1,0.0,0.013250693426774662
Bajio,12,16,SLVGJ,12,True,1,42.2,69.7355684234725
Bajio,12,17,ATEJL,12,True,1,120.0,4.373943647440837
Bajio,12,18,ATQJL,12,True,1,498.7,1.537646035181496
Bajio,12,19,CXTJL,12,True,1,0.0,-0.01671645073441253
Bajio,12,20,SAUJL,12,True,1,0.0,23.98372073295771
Bajio,12,21,SCRJL,12,True,1,0.0,124.14248847488787
Bajio,12,22,SGRJL,12,True,1,0.0,16.713485003673526
Bajio,12,23,ZULJL,12,True,1,0.0,0.9731671725406215
Bajio,12,24,ADUMC,12,True,1,100.0,3.407804474580255
Bajio,12,25,SCRMC,12,True,1,0.0,1.373346586991532
Bajio,12,26,YURMC,12,True,1,77.8,284.8631563366645
Santiago,12,1,AJJJL,12,True,1,0.0,6.769399976683172
Santiago,12,2,ATEJL,12,True,1,0.0,0.998705509342718
Santiago,12,3,BCSJL,12,True,1,211.7,27.500033266628783
Santiago,12,4,BLNJL,12,True,1,0.0,6.9065710035138475
Santiago,12,5,CXTJL,12,True,1,63.7,62.6477864541407
Santiago,12,6,SCRJL,12,True,1,28.1,33.8700780842799
Santiago,12,7,SGRJL,12,True,1,0.0,39.42942042532718
Santiago,12,8,SRSJL,12,True,1,33.2,16.207753795110172
Santiago,12,9,CAPNR,12,True,1,0.0,1.7061649091037783
Santiago,12,10,CHPNR,12,True,1,0.0,2.361676148042597
Santiago,12,11,JMANR,12,True,1,0.0,208.06320123996792
Santiago,12,12,LESNR,12,True,1,0.0,5.677185129319251
Santiago,12,13,ROMNR,12,True,1,41.6,17.233790033466917
Panuco,26,1,AMCGJ,12,True,1,131.0,15838.429076683127
Panuco,26,2,BRAGJ,12,False,0,,
Panuco,26,3,SL2GJ,12,True,1,0.0,6936.801405692993
Panuco,26,4,SLCGJ,12,True,1,58.8,0.8658304053954378
Panuco,26,5,ACEHD,26,True,1,0.0,0.6534393088317432
Panuco,26,6,ARSHD,26,True,1,370.2,6.02947934435756
Panuco,26,7,ATCHD,26,True,1,365.2,1.4328557533578004
Panuco,26,8,CDCHD,26,True,1,0.0,0.16446683074033053
Panuco,26,9,CDFHD,26,True,1,44.4,19.07574447262935
Panuco,26,10,CL1HD,26,True,1,15.6,6.531544189620487
Panuco,26,11,CPEHD,26,True,1,333.9,5.196803432683516
Panuco,26,12,CSTHD,26,True,1,150.7,33.661344937570554
Panuco,26,13,CVAHD,26,True,1,0.0,0.001768988105592007
Panuco,26,14,RSTHD,26,True,1,242.6,1.5119283091534184
Panuco,26,15,RTTHD,26,True,1,0.0,1.0317409993965814
Panuco,26,16,ARBMX,26,True,1,132.6,2.1880510630558505
Panuco,26,17,ATOMX,12,True,1,136.4,0.9005596773399902
Panuco,26,18,CALMX,12,True,1,0.0,2909.6788957160957
Panuco,26,19,CHPMX,26,True,1,13.4,1.1998932612975195
Panuco,26,20,EMOMX,26,True,1,15.7,37.3457581180316
Panuco,26,21,GDLMX,26,True,1,125.1,1729.025491635599
Panuco,26,22,IXCMX,12,True,1,155.8,23.050587300869108
Panuco,26,23,K27MX,26,True,1,0.0,19.39987605454485
Panuco,26,24,LAYMX,12,True,1,0.0,3.2147811628419025
Panuco,26,25,MBLMX,26,True,1,0.0,3.2660044757388995
Panuco,26,26,OBSMX,26,True,1,125.1,5.8267571596448855
Panuco,26,27,SB2MX,12,True,1,0.0,110.88612979703545
Panuco,26,28,SLAMX,26,True,1,13.4,1.0828371396060577
Panuco,26,29,SMLMX,12,True,1,102.8,14.060613548352013
Panuco,26,30,TESMX,12,True,1,13.5,2.81041172903189
Panuco,26,31,TJCMX,26,True,1,0.0,0.03821034552395847
Panuco,26,32,TROMX,12,True,1,242.8,20.32896370552958
Panuco,26,33,TTLMX,26,True,1,100.6,114.92471552005287
Panuco,26,34,EGIMC,12,True,1,125.0,9.3834143472314
Panuco,26,35,BLMSL,26,True,1,0.0,3.003144084753145
Panuco,26,36,GANSL,26,True,1,0.0,0.0034958158655470357
Panuco,26,37,PUJSL,26,True,1,28.1,71.32421890570056
Panuco,26,38,RQTSL,26,True,1,150.6,405.30371827264554
Panuco,26,39,STRSL,26,True,1,15.4,16.43820150533301
Panuco,26,40,SVTSL,26,True,1,244.3,164.2105721906302
Panuco,26,41,TBLSL,26,True,1,211.8,1.8731176154504965
Panuco,26,42,TMTSL,26,True,1,0.0,0.017571894213539774
Panuco,26,43,AHLTP,26,True,1,15.4,1.6443706542668302
Panuco,26,44,LSRTP,26,True,1,33.1,2.8660263070855585
Panuco,26,45,MGSTP,26,True,1,0.0,67.56243510373126
Panuco,26,46,RFRTP,26,True,1,89.3,172.4742928159325
Panuco,26,47,SBNTP,26,True,1,43.7,57.69111746946783
Panuco,26,48,SGBTP,26,True,1,213.4,28.92068517615726
Panuco,26,49,TMSTP,26,True,1,0.0,10.278938213176575
Panuco,26,50,OLVVC,26,True,1,58.7,4.049098484082014
Panuco,26,51,PSNVC,26,True,1,0.0,71.62287921672757
Panuco,26,52,TMPVC,26,True,1,72.7,12.397959800562253
Alta del Balsas,18,1,CHPMX,26,True,1,180.1,5.712808651394168
Alta del Balsas,18,2,EMOMX,26,True,1,0.0,0.23426640297217372
Alta del Balsas,18,3,MBLMX,26,True,1,57.0,0.22352581811562422
Alta del Balsas,18,4,SLAMX,26,True,1,0.0,0.2352554244414436
Alta del Balsas,18,5,TTLMX,26,True,1,33.2,86.22397621641913
Alta del Balsas,18,6,ALUMR,18,True,1,150.9,0.00044855944978624337
Alta del Balsas,18,7,AMCMR,18,True,1,0.0,0.4909574042474388
Alta del Balsas,18,8,CRDMR,18,True,1,0.0,4.608556191178931
Alta del Balsas,18,9,CUAMR,18,True,1,17.9,10.873046799194944
Alta del Balsas,18,10,CXXMR,18,True,1,181.6,0.22034420086933906
Alta del Balsas,18,11,ESTMR,18,True,1,2.5,2.352454767502708
Alta del Balsas,18,12,PERMR,18,True,1,17.8,174.53614855548065
Alta del Balsas,18,13,TEMMR,18,True,1,202.0,1.8729364497274184
Alta del Balsas,18,14,TICMR,18,True,1,0.0,21.264728072013394
Alta del Balsas,18,15,XICMR,18,True,1,1.2,0.8480736696256325
Alta del Balsas,18,16,YAHMR,18,True,1,0.0,6.231410235089728
Alta del Balsas,18,17,ZCTMR,18,True,1,0.0,29.694535194304795
