clave_estacion,unidad,area_snap_km2,area_max_radio_km2,razon_max_vs_snap,max_toca_borde,area_ref_km2,toca_bbox,err_snap,err_max_radio
LAYMX,Cutzamala,3.524002582761226,18.76477546360331,5.324847250509165,False,53.5,False,-0.9341307928455845,-0.6492565333905923
TESMX,Cutzamala,3.1407344390111676,48.60896068168817,15.476940704669149,False,106.2,False,-0.9704262293878421,-0.5422885058221454
ATOMX,Lerma Alto,20.519021710424642,66.73211344271506,3.2522073607832853,False,121.3,False,-0.8308407113732511,-0.44985891638322295
CALMX,Lerma Alto,12.713533910493597,32.56064830249818,2.5611013060360044,False,229.6,False,-0.9446274655466307,-0.8581853296929521
IXCMX,Lerma Alto,7.258873415081952,205.77413845766952,28.34794419064082,False,25.1,False,-0.7108018559728306,7.198172846919103
SB2MX,Lerma Alto,61.29135585139095,61.320950904916494,1.000482858522453,False,2070.7,False,-0.970400658786212,-0.9703863664920479
SMLMX,Lerma Alto,2.715503045984899,10.02702411437248,3.692510722533817,False,24.7,False,-0.8900606054257126,-0.5940476067055676
TROMX,Lerma Alto,18.79697326992332,29.35575028544551,1.5617275113338105,False,54.4,False,-0.6544674031264095,-0.46037223739989874
EGIMC,Lerma Alto,1.3429078890798711,3311.868349459015,2466.191744340879,False,7135.1,False,-0.9998117884978375,-0.5358343471767719
ACSGJ,Bajio,81.50919816861894,81.54024489872408,1.0003808984851124,False,113.8,False,-0.28375045546029054,-0.2834776370938129
AMCGJ,Bajio,23.31090644566049,23.734919264955625,1.0181894608124116,False,2449.3,True,-0.9904826250579102,-0.9903095091393641
ANSGJ,Bajio,7.3565997418338105,19.408181972831184,2.638200072577719,False,2665.2,False,-0.997239756963142,-0.9927179266198292
BEGGJ,Bajio,2.769802078500403,12.214693788879627,4.409951845906902,False,,False,,
CEYGJ,Bajio,0.005354443243672813,1.186009178473528,221.5,False,,False,,
CSTGJ,Bajio,18.396171587846986,81.54264060515278,4.4325875204937795,False,113.8,False,-0.8383464711085502,-0.283456585191979
CYUGJ,Bajio,0.9051852792651648,230.52944466271666,254.67652859960552,False,24.8,False,-0.9635005935780175,8.29554212349664
ECBGJ,Bajio,49.28359979495538,277.98074038972106,5.6404309252218,False,89.0,False,-0.44625168769713053,2.123379105502484
ECHGJ,Bajio,0.9200710774200309,121.13824707249044,131.66183574879227,False,239.0,False,-0.9961503302199999,-0.4931454097385337
LADGJ,Bajio,7.127842742940475,20.08132618924576,2.8173076923076925,False,3334.6,False,-0.9978624594425297,-0.9939778905448192
PERGJ,Bajio,33.837837617374234,76.58172923362345,2.2631980831512153,False,9701.9,True,-0.9965122463004799,-0.9921065225127426
SL2GJ,Bajio,42.237730837853505,42.641646006023215,1.0095628993356747,False,8476.1,True,-0.9950168437326301,-0.9949691903108714
SLMGJ,Bajio,0.013360728348239093,89.28440325994255,6682.6,False,22261.9,False,-0.9999993998388121,-0.9959893628459412
SLVGJ,Bajio,70.2589816613065,71.2739675217843,1.0144463502954069,False,9288.5,False,-0.9924359173535763,-0.9923266439660027
ATEJL,Bajio,4.410819985304125,682.6253347157585,154.76154932418802,False,,False,,
ATQJL,Bajio,1.5497255522075375,1821.6720697794683,1175.4804372842348,False,46335.6,False,-0.999966554322115,-0.9606852599344895
SAUJL,Bajio,12.699654389963154,226.00705854174956,17.79631567929663,False,177.9,True,-0.9286135222599036,0.2704162930958378
SCRJL,Bajio,125.15077479641892,18965.908752672964,151.54447731965345,False,71129.3,False,-0.9982405172721168,-0.73336010964999
SGRJL,Bajio,13.70115022730364,671.2216189772579,48.99016563146998,False,4368.1,False,-0.9968633615926138,-0.84633556489612
ZULJL,Bajio,0.9808510397335782,1534.7438636504735,1564.7063636363637,False,2017.7,False,-0.9995138766715896,-0.23935973452422388
ADUMC,Bajio,3.433852002672473,4272.066255568138,1244.1031972965948,False,75.8,False,-0.9546985223921838,55.35971313414431
SCRMC,Bajio,1.3837382138584056,33.307917909069104,24.070967741935483,False,2226.9,False,-0.9993786257964622,-0.98504292159097
YURMC,Bajio,288.0385811991349,290.527255092325,1.0086400713502666,False,35200.3,False,-0.9918171555015401,-0.9917464551412254
AJJJL,Santiago,6.768727754604264,414.7192683168695,61.26989935956084,False,6876.4,True,-0.9990156582289274,-0.9396894787509642
BCSJL,Santiago,27.592597494010494,31.258648374268816,1.1328635653477026,False,3163.1,False,-0.9912767229951597,-0.9901177173107809
BLNJL,Santiago,6.974469347201889,15.802967463372465,2.2658308004052685,False,12029.9,False,-0.9994202387927412,-0.998686359199713
CXTJL,Santiago,72.60754986152128,72.76291995024319,1.0021398613369854,False,,False,,
SRSJL,Santiago,16.35202908112845,120.92982732816922,7.39540192401761,False,81644.7,False,-0.9997997172004903,-0.9985188281991584
CAPNR,Santiago,706.8337075133891,1018.1332980517179,1.440414184028472,False,122317.3,False,-0.9942213104155063,-0.9916762935573977
CHPNR,Santiago,1.250659821459174,12113.905152429948,9686.011291460833,False,12074.0,False,-0.9998964171093706,0.0033050482383591984
JMANR,Santiago,1.3942100761669034,218.58712695107965,156.7820593809223,False,4510.0,False,-0.9996908625108277,-0.9515327878157251
LESNR,Santiago,5.688712847568305,7128.787699106278,1253.1459910397034,False,4911.6,False,-0.9988417801027021,0.45141862104126496
ROMNR,Santiago,2.2761427355354265,17952.57775502306,7887.281177381875,False,188.6,False,-0.9879313746790275,94.18864133098123
SLCGJ,Panuco,7030.924762389726,7031.908621802212,1.0001399331447476,False,8476.1,False,-0.1705000221340326,-0.17038394759356168
ACEHD,Panuco,20.049804954213382,21.673826676742802,1.0809993776118076,False,3737.2,False,-0.9946350730615934,-0.9942005173186496
ARSHD,Panuco,6.072781205058315,6.64509455673514,1.0942423796200853,False,77.7,False,-0.9218432277341272,-0.9144775475323663
ATCHD,Panuco,1.4458334273265319,21.11645049234825,14.605036855036856,False,874.9,False,-0.998347430075064,-0.9758641553407839
CDCHD,Panuco,19.391309955258723,21.48152470336636,1.1077913123419902,False,3737.2,False,-0.9948112731576424,-0.9942519734819206
CDFHD,Panuco,19.22568867364794,21.044057856004184,1.0945801845240855,False,3737.2,False,-0.9948555901012395,-0.9943690308637472
CL1HD,Panuco,6.582702834116471,9.747858281654658,1.4808291559409295,False,448.0,False,-0.9853064668881328,-0.9782413877641637
CPEHD,Panuco,5.234809432592265,2389.384598755939,456.4415628732298,False,1758.7,False,-0.9970234778912878,0.3586084032273491
CSTHD,Panuco,33.90380661797337,36.16483492130449,1.0666895115586368,False,446.5,False,-0.9240676223561627,-0.9190037291796092
CVAHD,Panuco,0.0017831519833434975,8.228354827138569,4614.5,False,493.1,False,-0.999996383792368,-0.9833130098820958
RSTHD,Panuco,1.5227139178747489,36.23415724294913,23.795774647887324,False,487.6,False,-0.9968771248607983,-0.9256887669340665
RTTHD,Panuco,1.0402851384389171,2.660386736744046,2.5573630136986303,False,5465.2,False,-0.9998096528693481,-0.9995132132883071
ARBMX,Panuco,2.202141246063613,8.508313735808661,3.8636548636548635,False,16.8,False,-0.868920163924785,-0.493552753820913
CHPMX,Panuco,1.207886901286932,6.946918948975399,5.7512991833704525,False,36.4,False,-0.9668162939206887,-0.8091505783248517
EMOMX,Panuco,37.590214488455025,1061.7836453491454,28.246277915632753,False,215.6,False,-0.8256483558049396,3.9247849969811943
GDLMX,Panuco,1765.4052167311102,1771.9443750630626,1.0037040551766696,False,350.5,True,4.036819448590899,4.055476105743402
K27MX,Panuco,18.977164473788232,1174.7986488527165,61.90591067887829,False,5267.7,False,-0.9963974477525698,-0.7769807223545918
MBLMX,Panuco,3.285705847657211,4.273031758757263,1.300491266375546,False,215.6,False,-0.9847601769589183,-0.9801807432339644
OBSMX,Panuco,5.863428349090368,7.809541792584298,1.3319070904645476,False,21.8,False,-0.731035396830717,-0.6417641379548487
SLAMX,Panuco,1.08873503004297,25.80445748598544,23.7013201320132,False,340.7,False,-0.9968044172878104,-0.9242604711300692
TJCMX,Panuco,0.03847147798940377,2.0058849686568196,52.13953488372093,False,190.3,False,-0.9997978377404656,-0.9894593538168323
TTLMX,Panuco,115.66655925260157,1341.9954143190787,11.602276604323688,False,15.0,False,6.711103950173438,88.46636095460525
BLMSL,Panuco,3.0331671933220856,144.9415558580484,47.785547785547784,False,346.2,False,-0.9912386851723799,-0.5813357716405303
GANSL,Panuco,0.0035313461288974434,12.315569624529834,3487.5,False,,False,,
PUJSL,Panuco,71.2501980897209,71.94792417516311,1.0097926195877183,False,25637.5,False,-0.9972208601427706,-0.9971936450833676
RQTSL,Panuco,409.476839650411,409.5078399562413,1.0000757071043547,False,903.0,True,-0.5465372761346501,-0.5465029457848933
STRSL,Panuco,16.60824684228121,17.28220979907214,1.0405800180591704,False,3326.6,False,-0.9950074409780914,-0.9948048428428209
SVTSL,Panuco,169.3518473043515,169.72760121907922,1.00221877659269,False,27402.5,True,-0.9938198395290813,-0.9938061271336893
TBLSL,Panuco,1.8906052213034685,553.316832509671,292.66651031894935,False,18151.6,False,-0.9998958436048997,-0.9695169113185795
TMTSL,Panuco,0.01773616167891756,79.10239427988837,4459.95,False,6901.0,False,-0.9999974299142619,-0.9885375461121738
AHLTP,Panuco,1.6646741186635408,594.564645808873,357.1657894736842,False,83.2,False,-0.9799918976122171,6.1462096852028
LSRTP,Panuco,2.8817971297013383,404.24264533134334,140.27449786975046,False,2782.2,False,-0.9989642020236859,-0.8547039589780234
MGSTP,Panuco,67.87713618119179,68.21140690586456,1.0049246439004214,False,10907.4,False,-0.9937769646129058,-0.9937463183796446
RFRTP,Panuco,174.99063253453696,175.19498604810468,1.001167796873512,False,14.2,False,11.323283981305421,11.337675073810189
SBNTP,Panuco,58.058281384366495,519.5466007878267,8.94870789144176,False,575.2,False,-0.8990641839632015,-0.09675486650238752
SGBTP,Panuco,29.294827115055174,34.35181819146159,1.1726240286909744,False,4922.7,False,-0.9940490326213145,-0.9930217526577972
TMSTP,Panuco,10.387915931707552,54.14155743437313,5.211974932249323,False,14995.1,False,-0.9993072459715702,-0.9963893833696092
OLVVC,Panuco,4.079907774539706,78.41831829911996,19.220610521757955,False,33711.2,False,-0.9998789747094574,-0.9976738200271981
PSNVC,Panuco,72.24945887941382,101.97561412227147,1.411437756128684,False,3731.6,False,-0.980638477093093,-0.9726724155530412
TMPVC,Panuco,12.518738012967379,160.92168886975074,12.854465737925182,False,5217.7,False,-0.9976007171717486,-0.96915850108865
ALUMR,Alta del Balsas,0.2458896506926151,7.229200765097443,29.40018315018315,False,569.6,False,-0.9995683117087559,-0.9873082851736351
AMCMR,Alta del Balsas,3.5024415791849286,137.03263241726884,39.12488740187878,False,2248.9,False,-0.9984425979015585,-0.9390668182590294
CRDMR,Alta del Balsas,4.627424353195791,5.314761443314832,1.1485355648535565,False,,False,,
CUAMR,Alta del Balsas,10.918953330807405,43.74491207554983,4.006328331134565,False,351.5,False,-0.9689361213917286,-0.8755479030567572
CXXMR,Alta del Balsas,0.24543890915686625,7.216579449145327,29.402752293577983,False,569.6,False,-0.9995691030386993,-0.9873304433828207
ESTMR,Alta del Balsas,1.6091814183457729,31.29121499427282,19.44542401343409,False,84.8,True,-0.9810238040289414,-0.630999823180745
PERMR,Alta del Balsas,175.72547300626394,175.94923161979216,1.001273341933302,False,150.3,False,0.16916482372763753,0.1706535703246317
TEMMR,Alta del Balsas,1.8811185003667523,9.720612346392787,5.167464114832536,False,363.2,False,-0.9948207089747612,-0.973236199486804
TICMR,Alta del Balsas,21.353528171783996,180.57466676731966,8.456432366334964,False,1065.0,False,-0.9799497388058366,-0.8304463222842069
XICMR,Alta del Balsas,0.24595504298618864,2245.7940807066284,9130.912923923006,False,6114.0,False,-0.9999597718281017,-0.6326800653080424
YAHMR,Alta del Balsas,6.259254763306606,21.16277791127464,3.3810379528464636,False,558.5,False,-0.988792739904554,-0.9621078282698753
ZCTMR,Alta del Balsas,64.40515028890528,136.33156019278215,2.116780406244425,False,15.3,False,3.2094869469872727,7.9105594897243225
